https://leanpub.com/judo4parents,1204,19,1,Set(https://leanpub.com/u/lancewicks)
https://leanpub.com/buildingsecurephpapps-es,1857,0,2,"Set(https://leanpub.com/u/benedmunds, https://leanpub.com/u/dexbarrett)"
https://leanpub.com/EverlastingArm,0,0,1,Set(https://leanpub.com/u/stevemiller)
https://leanpub.com/murdered_professor,1372,0,1,Set(https://leanpub.com/u/sausheong)
https://leanpub.com/ShacharWants,28,0,1,Set(https://leanpub.com/u/ideetsivan)
https://leanpub.com/10-Women-and-Their-Venture-to-The-World-of-Erotica,0,0,1,Set(https://leanpub.com/u/penelopestmartin)
https://leanpub.com/how-convert-psd-photoshop-html-css,106,8,1,Set(https://leanpub.com/u/artmov)
https://leanpub.com/cognitiveproductivity,86,0,1,Set(https://leanpub.com/u/LucBeaudoin)
https://leanpub.com/aventura-en-las-arenas,0,13,0,Set()
https://leanpub.com/Exploiting_MVC,2170,62,1,Set(https://leanpub.com/u/diniscruz)
https://leanpub.com/HongKong2014,277000,0,1,Set(https://leanpub.com/u/woodegg)
https://leanpub.com/apocalipses-individuais,980,0,1,Set(https://leanpub.com/u/alexpiaz)
https://leanpub.com/git-flow,5472,176,1,Set(https://leanpub.com/u/jhauraw)
https://leanpub.com/msoffice,0,35,1,Set(https://leanpub.com/u/cyrijones2)
https://leanpub.com/naturesfate,0,4,1,Set(https://leanpub.com/u/rileyaddams)
https://leanpub.com/gundamseeddestinydarknessrising,181,0,1,Set(https://leanpub.com/u/docwinters)
https://leanpub.com/securingphp-usualsuspects,4367,79,1,Set(https://leanpub.com/u/ccornutt)
https://leanpub.com/building-backbone-plugins,5728,1003,2,"Set(https://leanpub.com/u/derickbailey, https://leanpub.com/u/jeromegn)"
https://leanpub.com/We_are_the_KAMZ,6,38,1,Set(https://leanpub.com/u/jgribeiro)
https://leanpub.com/Asia2014,277000,0,1,Set(https://leanpub.com/u/woodegg)
https://leanpub.com/tpwr,255,0,1,Set(https://leanpub.com/u/robmil)
https://leanpub.com/sexiliketoremember,0,0,1,Set(https://leanpub.com/u/nadiaalgerl)
https://leanpub.com/SometimesWeRan,1360,2,1,Set(https://leanpub.com/u/stephendrivick)
https://leanpub.com/cheatingdeath,0,0,1,Set(https://leanpub.com/u/stephenmoore)
https://leanpub.com/netiquette,0,3,1,Set(https://leanpub.com/u/matthewstrawbridge)
https://leanpub.com/offthebook,0,2,1,Set(https://leanpub.com/u/delodell)
https://leanpub.com/essaysforcafephilosophy,46,0,1,Set(https://leanpub.com/u/michaelpicard)
https://leanpub.com/defmacro,0,102,0,Set()
https://leanpub.com/blackmagic,0,0,1,Set(https://leanpub.com/u/danshaurette)
https://leanpub.com/faitmaison,0,0,1,Set(https://leanpub.com/u/rachelpanckhurst)
https://leanpub.com/gabbiani,551,11,1,Set(https://leanpub.com/u/williamghelfi)
https://leanpub.com/lotharsstratagem,1963,0,1,Set(https://leanpub.com/u/libbysinclair)
https://leanpub.com/youarewhatyoudecide,95,0,1,Set(https://leanpub.com/u/seanbrady)
https://leanpub.com/using-zend-framework-2,0,196,1,Set(https://leanpub.com/u/zexspectrum)
https://leanpub.com/moondrop,15,0,1,Set(https://leanpub.com/u/jennatoff)
https://leanpub.com/r-for-excelusers,0,0,1,Set(https://leanpub.com/u/jtaveras)
https://leanpub.com/EABA,0,39,1,Set(https://leanpub.com/u/thomaskilian)
https://leanpub.com/express,2607,665,1,Set(https://leanpub.com/u/azat)
https://leanpub.com/thecitizen,0,0,1,Set(https://leanpub.com/u/venuswicca)
https://leanpub.com/zodiacaa,0,0,1,Set(https://leanpub.com/u/juanmagg)
https://leanpub.com/datajournalism,1499,140,1,Set(https://leanpub.com/u/clairemiller)
https://leanpub.com/theseer,0,136,1,Set(https://leanpub.com/u/davidrobinson)
https://leanpub.com/community,2998,8,1,Set(https://leanpub.com/u/juliendorra)
https://leanpub.com/ErfolgreicheRetrospektiven,181,0,1,Set(https://leanpub.com/u/judithandresen)
https://leanpub.com/senateofblood,154,30,1,Set(https://leanpub.com/u/ellanathornton-wheybrew)
https://leanpub.com/ensembles,2608,0,1,Set(https://leanpub.com/u/drewmccormack)
https://leanpub.com/laravel4-tr,124,706,1,Set(https://leanpub.com/u/sineld)
https://leanpub.com/learnvimscriptthehardway,4624,588,1,Set(https://leanpub.com/u/stevelosh)
https://leanpub.com/leanchange,2367,328,1,Set(https://leanpub.com/u/jasonlittle)
https://leanpub.com/iword-mechanic-design-rule,0,2,1,Set(https://leanpub.com/u/iword)
https://leanpub.com/wewut,963,249,1,Set(https://leanpub.com/u/jayfields)
https://leanpub.com/Ruby-on-Rails-The-little-Gem-that-Could,6,20,1,Set(https://leanpub.com/u/jamesgifford)
https://leanpub.com/Thailand2014,277000,0,1,Set(https://leanpub.com/u/woodegg)
https://leanpub.com/tco-your-apple-wi-fi-network,0,0,1,Set(https://leanpub.com/u/glennfleishman)
https://leanpub.com/itsmyLife,454,19,1,Set(https://leanpub.com/u/andrecronje)
https://leanpub.com/flowandflower,348,78,1,Set(https://leanpub.com/u/michellemargaret)
https://leanpub.com/sublime-productivity,3807,1474,1,Set(https://leanpub.com/u/joshearl)
https://leanpub.com/niiganab,152,0,1,Set(https://leanpub.com/u/mildredrholmes)
https://leanpub.com/csharpninjatrading,139,0,1,Set(https://leanpub.com/u/ryanmoore)
https://leanpub.com/brokentreesandlosthorizons,0,3,1,Set(https://leanpub.com/u/philipespinosa)
https://leanpub.com/karyspoeticspirit,13,0,1,Set(https://leanpub.com/u/karygaul)
https://leanpub.com/boatman-bob-and-a-dog-named-popsicle-fun-at-the-fair,0,0,1,Set(https://leanpub.com/u/eddonov)
https://leanpub.com/options,271,251,1,Set(https://leanpub.com/u/ezl)
https://leanpub.com/everydayrailsrspec-jp,782,781,4,"Set(https://leanpub.com/u/aaronsumner, https://leanpub.com/u/junichiito, https://leanpub.com/u/springaki, https://leanpub.com/u/blueplanet)"
https://leanpub.com/thestonewoods,156,2,1,Set(https://leanpub.com/u/aturqoise)
https://leanpub.com/unconference,9356,386,1,Set(https://leanpub.com/u/hkniberg)
https://leanpub.com/storiesinisrael,1,0,1,Set(https://leanpub.com/u/doublefang)
https://leanpub.com/Max-for-Live-Ultimate-Zen-Guide,1978,592,1,Set(https://leanpub.com/u/julienbayle)
https://leanpub.com/howtodesignfacetedsearch,19,239,1,Set(https://leanpub.com/u/abhijitrawool)
https://leanpub.com/frozen_clemmons,646,0,1,Set(https://leanpub.com/u/chelseaclemmons)
https://leanpub.com/TechnicallySpeaking,0,0,1,Set(https://leanpub.com/u/BradWallace)
https://leanpub.com/harripetteri,51,3,1,Set(https://leanpub.com/u/rikupekka)
https://leanpub.com/jerrysblog,7213,152,1,Set(https://leanpub.com/u/jerryweinberg)
https://leanpub.com/xamarin-ios-app-dev,329,70,1,Set(https://leanpub.com/u/dpatra)
https://leanpub.com/cqrs,2074,532,1,Set(https://leanpub.com/u/MarkNijhof)
https://leanpub.com/onvalentinesday,1694,0,1,Set(https://leanpub.com/u/dayangnoor)
https://leanpub.com/cafepapaye,862,6,1,Set(https://leanpub.com/u/isabellmas)
https://leanpub.com/ferryetasandgeonogs,0,0,1,Set(https://leanpub.com/u/jaanatolonen)
https://leanpub.com/thequestofthebrokenegg,0,3,1,Set(https://leanpub.com/u/lilycruz)
https://leanpub.com/obstruction,0,10,1,Set(https://leanpub.com/u/mackmacfarlane)
https://leanpub.com/RiseoftheChulo,624,5,1,Set(https://leanpub.com/u/jamesleenathaniii)
https://leanpub.com/startingover,0,0,1,Set(https://leanpub.com/u/daiguerra)
https://leanpub.com/javaForTesters,1441,1073,1,Set(https://leanpub.com/u/alanrichardson)
https://leanpub.com/php,51,105,1,Set(https://leanpub.com/u/robaley)
https://leanpub.com/MyShopOfSmells,28,0,1,Set(https://leanpub.com/u/ideetsivan)
https://leanpub.com/dawn,5,0,1,Set(https://leanpub.com/u/caroline)
https://leanpub.com/bloodstains,181,2,1,Set(https://leanpub.com/u/docwinters)
https://leanpub.com/the-cycle,303,0,1,Set(https://leanpub.com/u/jenniferaldoretta)
https://leanpub.com/The-SharePoint-Governance-Manifesto,3140,212,1,Set(https://leanpub.com/u/antclay)
https://leanpub.com/codebright,0,4017,1,Set(https://leanpub.com/u/daylerees)
https://leanpub.com/aprogrammersdiary,90,18,1,Set(https://leanpub.com/u/ohcoder)
https://leanpub.com/developing-games-with-ruby,166,22,1,Set(https://leanpub.com/u/spajus)
https://leanpub.com/holylandkanbanbestof,1699,293,1,Set(https://leanpub.com/u/yuvalyeret)
https://leanpub.com/upgradetorails4,328,131,1,Set(https://leanpub.com/u/philipDS)
https://leanpub.com/thingsiveseenwhiledreaming,13,14,1,Set(https://leanpub.com/u/steveburkhart)
https://leanpub.com/shippingsoftware,9284,3268,1,Set(https://leanpub.com/u/raganwald)
https://leanpub.com/welcometotexts,0,3,1,Set(https://leanpub.com/u/sheremetyev)
https://leanpub.com/15fundamentals,0,12,1,Set(https://leanpub.com/u/paulemcmahon)
https://leanpub.com/thelastturn,72,42,1,Set(https://leanpub.com/u/marcusdegerman)
https://leanpub.com/implementinglaravel,3213,0,1,Set(https://leanpub.com/u/fideloper)
https://leanpub.com/ModernProgrammingMadeEasy,48,30,1,Set(https://leanpub.com/u/adamldavis)
https://leanpub.com/wdw_little_kids,0,0,1,Set(https://leanpub.com/u/joshcrews)
https://leanpub.com/SometimesWeRan2,1360,0,1,Set(https://leanpub.com/u/stephendrivick)
https://leanpub.com/piratescavern,2701,26,1,Set(https://leanpub.com/u/mvizdos)
https://leanpub.com/selenium_recipes_java,0,0,1,Set(https://leanpub.com/u/zhiminzhan)
https://leanpub.com/tipsformanualtestersworkinginanagileenvironment,479,0,1,Set(https://leanpub.com/u/mattarcher)
https://leanpub.com/prophecy,7461,0,1,Set(https://leanpub.com/u/jimmurdoch)
https://leanpub.com/fromheaventohell,0,21,1,Set(https://leanpub.com/u/berylbrennan)
https://leanpub.com/twilightstrategy,0,3930,1,Set(https://leanpub.com/u/theory)
https://leanpub.com/Malaysia2014,277000,0,1,Set(https://leanpub.com/u/woodegg)
https://leanpub.com/multi-tenancy-rails,4256,1318,1,Set(https://leanpub.com/u/ryanbigg)
https://leanpub.com/Taiwan2014,277000,0,1,Set(https://leanpub.com/u/woodegg)
https://leanpub.com/agilepitfalls,92,42,1,Set(https://leanpub.com/u/varokas)
https://leanpub.com/Agile_w_Praktyce,690,523,1,Set(https://leanpub.com/u/andybrandt)
https://leanpub.com/qunit-cookbook-espanol,311,48,1,Set(https://leanpub.com/u/devnod)
https://leanpub.com/rapid-prototyping-with-js,2607,1432,1,Set(https://leanpub.com/u/azat)
https://leanpub.com/Imkeepingmybaby,0,2,1,Set(https://leanpub.com/u/christeenthornton)
https://leanpub.com/StoryKeeper,152,0,1,Set(https://leanpub.com/u/mildredrholmes)
https://leanpub.com/seminggubelajarlaravel,165,64,1,Set(https://leanpub.com/u/rahmatawaludin)
https://leanpub.com/what-the-defend,113,80,1,Set(https://leanpub.com/u/whattheflop)
https://leanpub.com/alevelbio,0,37,1,Set(https://leanpub.com/u/burtn)
https://leanpub.com/homophobicbullying,0,0,0,Set()
https://leanpub.com/lavenutadeglidei,0,4,1,Set(https://leanpub.com/u/manuelavalente)
https://leanpub.com/asfierceaflame,140,0,1,Set(https://leanpub.com/u/loriferens)
https://leanpub.com/grumpy-phpunit,5571,868,1,Set(https://leanpub.com/u/chartjes)
https://leanpub.com/thismuch,3826,37,1,Set(https://leanpub.com/u/peteashton)
https://leanpub.com/computingstyle,2117,0,1,Set(https://leanpub.com/u/dds)
https://leanpub.com/SuccessMan,0,29,0,Set()
https://leanpub.com/thejourneyman,0,0,1,Set(https://leanpub.com/u/gorzek)
https://leanpub.com/asesino,192,3,1,Set(https://leanpub.com/u/diegoresendez)
https://leanpub.com/laravel-pt-br,13000,0,2,"Set(https://leanpub.com/u/taylorotwell, https://leanpub.com/u/pedroborg_es)"
https://leanpub.com/India2014,277000,0,1,Set(https://leanpub.com/u/woodegg)
https://leanpub.com/phonegapbuild,178,1402,1,Set(https://leanpub.com/u/justmyfreak)
https://leanpub.com/xanpan,1715,110,1,Set(https://leanpub.com/u/anonymous2BypmyCJHE3v-RIRGcRrgT)
https://leanpub.com/Experiential,7213,340,1,Set(https://leanpub.com/u/jerryweinberg)
https://leanpub.com/Philippines2014,277000,0,1,Set(https://leanpub.com/u/woodegg)
https://leanpub.com/apostolicbaptism,0,6,0,Set()
https://leanpub.com/codebright-it,6654,80,3,"Set(https://leanpub.com/u/daylerees, https://leanpub.com/u/hellofrancesco, https://leanpub.com/u/alaguna)"
https://leanpub.com/breves-sinsentidos,939,3,1,Set(https://leanpub.com/u/txus)
https://leanpub.com/legacyoflove,880,0,2,"Set(https://leanpub.com/u/alegacyoflove, https://leanpub.com/u/poeticbuttafly)"
https://leanpub.com/swimmingwithasiansharks,0,0,1,Set(https://leanpub.com/u/dannyhui)
https://leanpub.com/frontend,3443,280,1,Set(https://leanpub.com/u/msurguy)
https://leanpub.com/tikhon,384,0,1,Set(https://leanpub.com/u/ubiquitousrat)
https://leanpub.com/switchplus-wp,0,0,2,"Set(https://leanpub.com/u/chzumbrunnen, https://leanpub.com/u/renemaurer)"
https://leanpub.com/episerver-7-cms-development,0,432,1,Set(https://leanpub.com/u/joelabrahamsson)
https://leanpub.com/a-drip-of-javascript-book,527,77,1,Set(https://leanpub.com/u/joshuaclanton)
https://leanpub.com/discipleshipstory,232,0,1,Set(https://leanpub.com/u/mitchmartin)
https://leanpub.com/DragonWarriors,624,6,1,Set(https://leanpub.com/u/jamesleenathaniii)
https://leanpub.com/societalrenaissance,0,50,1,Set(https://leanpub.com/u/lionelbisschoff)
https://leanpub.com/PkFlowNutshell,1151,384,2,"Set(https://leanpub.com/u/Jurgen, https://leanpub.com/u/talboomerik)"
https://leanpub.com/servantofdracula,0,0,1,Set(https://leanpub.com/u/beverhart)
https://leanpub.com/zendframework2-en,49,1007,1,Set(https://leanpub.com/u/michaelromer)
https://leanpub.com/templo,0,0,1,Set(https://leanpub.com/u/juanmanuelferrera)
https://leanpub.com/balancebasics,0,25,1,Set(https://leanpub.com/u/neilkeleher)
https://leanpub.com/hands-on-nodejs,2692,14209,1,Set(https://leanpub.com/u/pgte)
https://leanpub.com/ElectricFertilizerBook,172,0,1,Set(https://leanpub.com/u/DavidWechsler)
https://leanpub.com/introlenguajesweb,0,0,2,"Set(https://leanpub.com/u/jgabardini, https://leanpub.com/u/msalias)"
https://leanpub.com/tb-estory,2427,30,1,Set(https://leanpub.com/u/tetradian)
https://leanpub.com/pillipulli,0,0,1,Set(https://leanpub.com/u/scrumphony)
https://leanpub.com/freelancedeveloperbook,525,799,1,Set(https://leanpub.com/u/stevejalim)
https://leanpub.com/mist,5,0,1,Set(https://leanpub.com/u/caroline)
https://leanpub.com/rebuildinglaravel,0,161,1,Set(https://leanpub.com/u/assertchris)
https://leanpub.com/thepsychologyofsoftwaretesting,1360,27,1,Set(https://leanpub.com/u/john_stevenson)
https://leanpub.com/nlc_beyondblueridge,54,0,1,Set(https://leanpub.com/u/amypreed)
https://leanpub.com/nichepick,0,0,1,Set(https://leanpub.com/u/taphangum)
https://leanpub.com/theneophytesguidetoscala,0,1496,1,Set(https://leanpub.com/u/danielwestheide)
https://leanpub.com/l4,0,6556,1,Set(https://leanpub.com/u/darkness)
https://leanpub.com/fp-oo,6936,3657,1,Set(https://leanpub.com/u/marick)
https://leanpub.com/sun-tzu-the-art-of-war,3094,0,1,Set(https://leanpub.com/u/jeffmcneill)
https://leanpub.com/TIC,0,4,1,Set(https://leanpub.com/u/zaper)
https://leanpub.com/stgilescookbook,0,0,1,Set(https://leanpub.com/u/stgilespreschool)
https://leanpub.com/The_Private_Production_of_Defense_Chinese_Version,0,0,1,Set(https://leanpub.com/u/raviwu)
https://leanpub.com/misplacedgeek,55,0,1,Set(https://leanpub.com/u/matthewdedwards)
https://leanpub.com/aboutbloodytime,0,0,1,Set(https://leanpub.com/u/simonejenner)
https://leanpub.com/a3problemsolving,4034,293,1,Set(https://leanpub.com/u/JamieFlinchbaugh)
https://leanpub.com/diygardenoffice,668,450,1,Set(https://leanpub.com/u/oddjones)
https://leanpub.com/WorkingWithLegacySystems,102,464,1,Set(https://leanpub.com/u/robertannett)
https://leanpub.com/thezenprogrammer,734,225,1,Set(https://leanpub.com/u/grobmeier)
https://leanpub.com/fiverules,280,114,2,"Set(https://leanpub.com/u/willemlarsen, https://leanpub.com/u/dianalarsen)"
https://leanpub.com/fifthgrademath,185,0,1,Set(https://leanpub.com/u/richardbwalker)
https://leanpub.com/stnca_loveis,35,4,1,Set(https://leanpub.com/u/faysebastian)
https://leanpub.com/howtochangetheworldswedish,81,38,1,Set(https://leanpub.com/u/miboman)
https://leanpub.com/skinrashes,0,0,1,Set(https://leanpub.com/u/diabeticwoundssalve)
https://leanpub.com/genesis-study-guide,0,3,1,Set(https://leanpub.com/u/joeswann)
https://leanpub.com/howtobefree,348,109,1,Set(https://leanpub.com/u/michellemargaret)
https://leanpub.com/missionnext,0,0,1,Set(https://leanpub.com/u/aronsolomon)
https://leanpub.com/critical-chain-self-learn-kit-de,1,0,2,"Set(https://leanpub.com/u/wolfram-mueller, https://leanpub.com/u/silvan-kurras)"
https://leanpub.com/theleanenterprise,8911,0,2,"Set(https://leanpub.com/u/owenstrevor, https://leanpub.com/u/obie)"
https://leanpub.com/brainhackbook,104,0,1,Set(https://leanpub.com/u/martinlissmats)
https://leanpub.com/programmieren-lernen-mit-javascript,88,2,1,Set(https://leanpub.com/u/olav)
https://leanpub.com/moresecrets,7213,2,1,Set(https://leanpub.com/u/jerryweinberg)
https://leanpub.com/selenium-recipes-in-csharp,0,0,1,Set(https://leanpub.com/u/zhiminzhan)
https://leanpub.com/IA-pg,0,0,1,Set(https://leanpub.com/u/anonymous2Fq9U-_C5CGQ6AmsZ9BLD-)
https://leanpub.com/lancesfirstchapter,0,24,1,Set(https://leanpub.com/u/Dlexis)
https://leanpub.com/WhatDrivesQuality,1743,0,1,Set(https://leanpub.com/u/benlinders)
https://leanpub.com/lyceum,384,0,1,Set(https://leanpub.com/u/ubiquitousrat)
https://leanpub.com/chanceslasthumanity,0,15,1,Set(https://leanpub.com/u/tgarris)
https://leanpub.com/butterflies_and_sand,0,9,0,Set()
https://leanpub.com/hackerways,125,0,1,Set(https://leanpub.com/u/juanre)
https://leanpub.com/Samycreek,0,2,1,Set(https://leanpub.com/u/demetriobattaglia)
https://leanpub.com/ThaiSwift,15,550,1,Set(https://leanpub.com/u/sakko)
https://leanpub.com/fromtheabyss,0,0,1,Set(https://leanpub.com/u/raynethomas)
https://leanpub.com/writing-sublime-plugins,3807,303,1,Set(https://leanpub.com/u/joshearl)
https://leanpub.com/maroka,1202,15,1,Set(https://leanpub.com/u/normis)
https://leanpub.com/makingtheshrimp,527,55,1,Set(https://leanpub.com/u/romilly)
https://leanpub.com/referencia-electrocardiografia,0,0,1,Set(https://leanpub.com/u/rbchv)
https://leanpub.com/gettingvalueoutofagileretrospectives_NL,1743,0,2,"Set(https://leanpub.com/u/lmsgoncalves, https://leanpub.com/u/benlinders)"
https://leanpub.com/purgatoire,0,6,1,Set(https://leanpub.com/u/sucredecendres)
https://leanpub.com/meditating-marines,65800,0,1,Set(https://leanpub.com/u/jimkitzmiller)
https://leanpub.com/the-inner-goddess,0,3,1,Set(https://leanpub.com/u/rosapjli)
https://leanpub.com/itext_pdfabc,395,8732,1,Set(https://leanpub.com/u/itextsoftware)
https://leanpub.com/codebright-es,6654,179,2,"Set(https://leanpub.com/u/daylerees, https://leanpub.com/u/alaguna)"
https://leanpub.com/eldritchfairytales,15,44,1,Set(https://leanpub.com/u/garycxjk)
https://leanpub.com/Solving_business_decision_problems,0,0,1,Set(https://leanpub.com/u/stephenpeplow)
https://leanpub.com/GoNotebook,1089,181,1,Set(https://leanpub.com/u/feyeleanor)
https://leanpub.com/ansible-for-aws,24,26,1,Set(https://leanpub.com/u/yankurniawan)
https://leanpub.com/plaidmanual,0,0,2,"Set(https://leanpub.com/u/dronte, https://leanpub.com/u/Level)"
https://leanpub.com/recipes-with-angular-js,281,1109,1,Set(https://leanpub.com/u/fdietz)
https://leanpub.com/wikisforenterprises,0,0,1,Set(https://leanpub.com/u/floriankromer)
https://leanpub.com/noiseofcreation,388,84,1,Set(https://leanpub.com/u/joelalexander)
https://leanpub.com/problemywagile,485,397,1,Set(https://leanpub.com/u/streser)
https://leanpub.com/html5shootemupinanafternoon,438,0,1,Set(https://leanpub.com/u/bryanbibat)
https://leanpub.com/leaflet-tips-and-tricks,312,1823,1,Set(https://leanpub.com/u/d3noob)
https://leanpub.com/guiarapidofirefoxos,608,3026,1,Set(https://leanpub.com/u/andregarzia)
https://leanpub.com/20things,11100,1112,1,Set(https://leanpub.com/u/dubber)
https://leanpub.com/thebridge,1489,0,1,Set(https://leanpub.com/u/daveking)
https://leanpub.com/8000holes,21400,158,2,"Set(https://leanpub.com/u/paulbradshaw, https://leanpub.com/u/carolmiers)"
https://leanpub.com/tspa_jumpstart,1345,74,1,Set(https://leanpub.com/u/jankrutisch)
https://leanpub.com/nways,7134,57,2,"Set(https://leanpub.com/u/lornajane, https://leanpub.com/u/ijansch)"
https://leanpub.com/prepare-produce-publish,5728,0,1,Set(https://leanpub.com/u/derickbailey)
https://leanpub.com/aurav2,1119,8,2,"Set(https://leanpub.com/u/harikt, https://leanpub.com/u/pmjones)"
https://leanpub.com/kaukamoinen,13700,0,1,Set(https://leanpub.com/u/fargoer)
https://leanpub.com/Cult-Of-PHP,50,41,1,Set(https://leanpub.com/u/harshjv)
https://leanpub.com/network-diagrams-with-visio,11000,287,1,Set(https://leanpub.com/u/EtherealMind)
https://leanpub.com/thewaraftertimearrival,0,0,1,Set(https://leanpub.com/u/smickeyd43)
https://leanpub.com/laravel4cookbook-es,14206,33,3,"Set(https://leanpub.com/u/assertchris, https://leanpub.com/u/taylorotwell, https://leanpub.com/u/carlosufano)"
https://leanpub.com/shako,14,109,1,Set(https://leanpub.com/u/janusz)
https://leanpub.com/paradise,0,11,1,Set(https://leanpub.com/u/jwmberkowitz)
https://leanpub.com/steppinginpuddlesaintsobad,0,0,1,Set(https://leanpub.com/u/paulbranski)
https://leanpub.com/ohmyjs,2607,1022,1,Set(https://leanpub.com/u/azat)
https://leanpub.com/omnithreadlibrary,169,365,1,Set(https://leanpub.com/u/gabr42)
https://leanpub.com/ios7daybyday,464,1193,1,Set(https://leanpub.com/u/sammyd)
https://leanpub.com/leprechauns,2190,1583,1,Set(https://leanpub.com/u/laurentbossavit)
https://leanpub.com/the_spirit_tracker,0,4,1,Set(https://leanpub.com/u/normpratt)
https://leanpub.com/lessofmehcg,0,3,1,Set(https://leanpub.com/u/lessofmehcg)
https://leanpub.com/unrequited,1202,0,1,Set(https://leanpub.com/u/elleclouse)
https://leanpub.com/hepc,0,58,1,Set(https://leanpub.com/u/giris)
https://leanpub.com/97-Things-Every-Programmer-Should-Know-Extended,510,3584,1,Set(https://leanpub.com/u/shirish4you)
https://leanpub.com/codingdojohandbook,1250,664,1,Set(https://leanpub.com/u/emilybache)
https://leanpub.com/starlight,0,0,1,Set(https://leanpub.com/u/kathyonu)
https://leanpub.com/Heribone,0,2,1,Set(https://leanpub.com/u/demetriobattaglia)
https://leanpub.com/Apocalypse,454,12,1,Set(https://leanpub.com/u/andrecronje)
https://leanpub.com/codebright-ptbr,6654,149,3,"Set(https://leanpub.com/u/daylerees, https://leanpub.com/u/luisdalmolin, https://leanpub.com/u/alaguna)"
https://leanpub.com/responsive-email-design,0,8,1,Set(https://leanpub.com/u/anonymous1SIumixSn8xPeECypR25fQ)
https://leanpub.com/awarstory,0,0,1,Set(https://leanpub.com/u/derrikbulmer3Lmv1jV4T3TvEuHYGSacGr)
https://leanpub.com/theagileagency,1119,780,1,Set(https://leanpub.com/u/bartvermijlen)
https://leanpub.com/nightbladedawnofdiscovery,154,0,1,Set(https://leanpub.com/u/kylemperkins)
https://leanpub.com/themadgod,0,7,1,Set(https://leanpub.com/u/skylarwolphe)
https://leanpub.com/Kindergarten,0,0,1,Set(https://leanpub.com/u/mesnard)
https://leanpub.com/ArchesUserGuide,154,175,1,Set(https://leanpub.com/u/arches)
https://leanpub.com/anniversaries-2014,483,36,1,Set(https://leanpub.com/u/rg)
https://leanpub.com/tco-automating-your-mac,1790,2,1,Set(https://leanpub.com/u/joekissell)
https://leanpub.com/funretrospectives,183,879,2,"Set(https://leanpub.com/u/tainacaetano, https://leanpub.com/u/paulocaroli)"
https://leanpub.com/entarch,0,1007,1,Set(https://leanpub.com/u/peterdoomen)
https://leanpub.com/appropriatebehaviour,5215,361,1,Set(https://leanpub.com/u/graham1)
https://leanpub.com/adventuresofabiggirlinaflatcity,0,16,1,Set(https://leanpub.com/u/yulich1978)
https://leanpub.com/Improve_your_security,397,496,1,Set(https://leanpub.com/u/sorinmustaca)
https://leanpub.com/power_lines,276,0,1,Set(https://leanpub.com/u/caracabe)
https://leanpub.com/China2014,277000,0,1,Set(https://leanpub.com/u/woodegg)
https://leanpub.com/jolshishura,214,0,1,Set(https://leanpub.com/u/suhreed)
https://leanpub.com/laravel4documentation,24,1181,1,Set(https://leanpub.com/u/fsalehpour)
https://leanpub.com/scalingphp,56300,57,1,Set(https://leanpub.com/u/stevecorona)
https://leanpub.com/coffeescript,5271,2710,1,Set(https://leanpub.com/u/soyjavi)
https://leanpub.com/gaiafromabove,0,49,11,"Set(https://leanpub.com/u/huchengtw, https://leanpub.com/u/stevechung, https://leanpub.com/u/pychen, https://leanpub.com/u/yurenju, https://leanpub.com/u/crh0716, https://leanpub.com/u/anonymous1KDfeNwqLBORxzWNQBkiRp, https://leanpub.com/u/dwi2, https://leanpub.com/u/eragonj, https://leanpub.com/u/evanxd, https://leanpub.com/u/lukechang, https://leanpub.com/u/snowmantw)"
https://leanpub.com/enigmatic-love,0,2,1,Set(https://leanpub.com/u/rosapjli)
https://leanpub.com/lekcje,0,29,1,Set(https://leanpub.com/u/marekkowalczyk)
https://leanpub.com/understandinges6,25300,100,1,Set(https://leanpub.com/u/nzakas)
https://leanpub.com/NextPracticeEA,1466,34,1,Set(https://leanpub.com/u/richardveryard)
https://leanpub.com/gettingvalueoutofagileretrospectives_ES,1743,0,2,"Set(https://leanpub.com/u/lmsgoncalves, https://leanpub.com/u/benlinders)"
https://leanpub.com/ryphna_s_notebook,164,4,1,Set(https://leanpub.com/u/ryphna)
https://leanpub.com/focusintegral,0,0,1,Set(https://leanpub.com/u/juanmanuelferrera)
https://leanpub.com/PropheticPoetry,454,7,1,Set(https://leanpub.com/u/andrecronje)
https://leanpub.com/deadlyalliancethegearsofwar,7,0,1,Set(https://leanpub.com/u/dragonsnake9989)
https://leanpub.com/marionetteexpose,0,1663,1,Set(https://leanpub.com/u/xjackk)
https://leanpub.com/ThePolarBearer,56,0,2,"Set(https://leanpub.com/u/ideetsivan, https://leanpub.com/u/guysivan)"
https://leanpub.com/blissercise,65800,0,1,Set(https://leanpub.com/u/jimkitzmiller)
https://leanpub.com/shieldingadyinglight,737,2,1,Set(https://leanpub.com/u/zanedickens)
https://leanpub.com/gsd-laravel-tr,124,3,2,"Set(https://leanpub.com/u/chuckheintzelman, https://leanpub.com/u/sineld)"
https://leanpub.com/ilvascellodeldiavolo,0,5,1,Set(https://leanpub.com/u/alessandrapoma)
https://leanpub.com/nysfederations,0,0,1,Set(https://leanpub.com/u/donaldrnoyes)
https://leanpub.com/changeartistry,24575,87,4,"Set(https://leanpub.com/u/estherderby, https://leanpub.com/u/jerryweinberg, https://leanpub.com/u/johannarothman, https://leanpub.com/u/dongray)"
https://leanpub.com/laravel-testing-decoded,21300,2166,1,Set(https://leanpub.com/u/jeffreyway)
https://leanpub.com/ladyandthehawk,22,2,1,Set(https://leanpub.com/u/iskiea)
https://leanpub.com/globalmoves,0,74,1,Set(https://leanpub.com/u/caitlinmcdonald)
https://leanpub.com/tonalli,0,0,1,Set(https://leanpub.com/u/villafuerte)
https://leanpub.com/leanchangemethod,0,368,1,Set(https://leanpub.com/u/thomasjeffreyandersontwin)
https://leanpub.com/thequietinspector,0,7,1,Set(https://leanpub.com/u/jonguenther)
https://leanpub.com/patternsinc,225,421,1,Set(https://leanpub.com/u/adamtornhill)
https://leanpub.com/invisibledisability,1627,6,1,Set(https://leanpub.com/u/mayatrimner)
https://leanpub.com/Mongolia2014,277000,0,1,Set(https://leanpub.com/u/woodegg)
https://leanpub.com/codingindelphi,1748,170,1,Set(https://leanpub.com/u/nickhodges)
https://leanpub.com/riskofskin,137,0,1,Set(https://leanpub.com/u/davidpollard)
https://leanpub.com/ArchesInstallationGuide,154,122,1,Set(https://leanpub.com/u/arches)
https://leanpub.com/introduccionalean,450,43,1,Set(https://leanpub.com/u/josemiguelvivesmartinez)
https://leanpub.com/fruitsofthespirit,0,0,1,Set(https://leanpub.com/u/peterb)
https://leanpub.com/settingupscientificpythonformacosx,43,6,1,Set(https://leanpub.com/u/gnperdue)
https://leanpub.com/theknowledgeeconomy,1712,7,1,Set(https://leanpub.com/u/kimparker)
https://leanpub.com/typedphp,0,0,1,Set(https://leanpub.com/u/assertchris)
https://leanpub.com/emberjs-testingonrails,116,0,1,Set(https://leanpub.com/u/anonymous2RpN87EE1BJw_Ul8CE0SeF)
https://leanpub.com/watirways,0,556,1,Set(https://leanpub.com/u/jko)
https://leanpub.com/developer_testing,112,114,1,Set(https://leanpub.com/u/alexandertarnowski)
https://leanpub.com/CarnalConspiracy,624,0,1,Set(https://leanpub.com/u/jamesleenathaniii)
https://leanpub.com/ilestmort,0,0,1,Set(https://leanpub.com/u/sucredecendres)
https://leanpub.com/thelightofthedragons,0,2,1,Set(https://leanpub.com/u/brynncharity)
https://leanpub.com/batir-des-api-que-vous-aimerez,0,0,2,"Set(https://leanpub.com/u/philsturgeon, https://leanpub.com/u/miclf)"
https://leanpub.com/writingwithscrivenerandleanpub,0,33,1,Set(https://leanpub.com/u/philipespinosa)
https://leanpub.com/dream-rails-job,6121,0,1,Set(https://leanpub.com/u/xdite)
https://leanpub.com/tabletinterpreter,0,4,0,Set()
https://leanpub.com/wish,11100,0,1,Set(https://leanpub.com/u/dubber)
https://leanpub.com/horse,1489,0,1,Set(https://leanpub.com/u/daveking)
https://leanpub.com/darkroomretreat,16,12,1,Set(https://leanpub.com/u/andrewed)
https://leanpub.com/android44appdevelopmentessentials,0,28,1,Set(https://leanpub.com/u/ebookfrenzy)
https://leanpub.com/nodebeginner,1550,14631,1,Set(https://leanpub.com/u/manuelkiessling)
https://leanpub.com/kenwoodkitchenappliances,0,0,1,Set(https://leanpub.com/u/russellhobbstoasters)
https://leanpub.com/gettingvalueoutofagileretrospectives,1743,1257,2,"Set(https://leanpub.com/u/lmsgoncalves, https://leanpub.com/u/benlinders)"
https://leanpub.com/le-guide-ultime-et-zen-de-max-for-live,1978,98,1,Set(https://leanpub.com/u/julienbayle)
https://leanpub.com/fourladsopairts,0,0,1,Set(https://leanpub.com/u/kincardinehistorygroup)
https://leanpub.com/CollaborationGamesToolbox,2183,1086,2,"Set(https://leanpub.com/u/karengreaves, https://leanpub.com/u/samanthalaing)"
https://leanpub.com/the-6rules-to-design-the-best-user-interfaces,1978,916,1,Set(https://leanpub.com/u/julienbayle)
https://leanpub.com/automation-and-monitoring-with-hubot,166,66,1,Set(https://leanpub.com/u/spajus)
https://leanpub.com/what-the-float,113,91,1,Set(https://leanpub.com/u/whattheflop)
https://leanpub.com/lean,862,610,1,Set(https://leanpub.com/u/peter)
https://leanpub.com/Practicing-DDD,562,2856,1,Set(https://leanpub.com/u/scott7)
https://leanpub.com/dubber-br,11100,0,1,Set(https://leanpub.com/u/dubber)
https://leanpub.com/heronfable,0,0,1,Set(https://leanpub.com/u/leemcintyre)
https://leanpub.com/integrationtest,0,0,0,Set()
https://leanpub.com/wealth-fundamentals,0,239,1,Set(https://leanpub.com/u/adrianharabula)
https://leanpub.com/laravel4cookbook,13000,992,2,"Set(https://leanpub.com/u/assertchris, https://leanpub.com/u/taylorotwell)"
https://leanpub.com/Its_a_Jetsons_World_Chinese_Version,0,0,1,Set(https://leanpub.com/u/raviwu)
https://leanpub.com/Brast,0,2,1,Set(https://leanpub.com/u/demetriobattaglia)
https://leanpub.com/tb-mapping,2427,63,1,Set(https://leanpub.com/u/tetradian)
https://leanpub.com/TheOrderofLight,80,2,1,Set(https://leanpub.com/u/djamespawson)
https://leanpub.com/marionette-serious-progression,263,279,1,Set(https://leanpub.com/u/davidsulc)
https://leanpub.com/meteortutorial,943,210,1,Set(https://leanpub.com/u/davidturnbull)
https://leanpub.com/codebright-ru,6654,0,3,"Set(https://leanpub.com/u/daylerees, https://leanpub.com/u/cartoshka, https://leanpub.com/u/alaguna)"
https://leanpub.com/shakespeare,3213,0,1,Set(https://leanpub.com/u/rosbarber)
https://leanpub.com/theidentityproject_theatlantichalf,0,0,1,Set(https://leanpub.com/u/leonardepp)
https://leanpub.com/laravel4cookbook-jp,13000,104,3,"Set(https://leanpub.com/u/assertchris, https://leanpub.com/u/taylorotwell, https://leanpub.com/u/hirokws)"
https://leanpub.com/toristemple,0,0,1,Set(https://leanpub.com/u/beverhart)
https://leanpub.com/ted_heads_up,0,0,1,Set(https://leanpub.com/u/anonymous0p5TqVkPP1i9Hvy9VX6yx-)
https://leanpub.com/tr4w,9515,2232,3,"Set(https://leanpub.com/u/obie, https://leanpub.com/u/kfaustino, https://leanpub.com/u/vitalykushner)"
https://leanpub.com/unicorns,863,0,1,Set(https://leanpub.com/u/fjfish)
https://leanpub.com/lean-bites,2182,0,2,"Set(https://leanpub.com/u/mmarschall, https://leanpub.com/u/danackerson)"
https://leanpub.com/livro-angularJS,845,639,2,"Set(https://leanpub.com/u/danielschmitz, https://leanpub.com/u/douglaslira)"
https://leanpub.com/sapphireandsage,0,14,1,Set(https://leanpub.com/u/kayleighgrian)
https://leanpub.com/seleniumideforstarter,0,10,1,Set(https://leanpub.com/u/platoosom)
https://leanpub.com/mistressofmolecules,0,0,0,Set()
https://leanpub.com/sports,12000,15,1,Set(https://leanpub.com/u/markgraban)
https://leanpub.com/real-legal-normal,2351,46,1,Set(https://leanpub.com/u/danielwildt)
https://leanpub.com/everydayrailsrspec,782,4131,1,Set(https://leanpub.com/u/aaronsumner)
https://leanpub.com/unitedfront,0,5,1,Set(https://leanpub.com/u/crisses)
https://leanpub.com/iltalismanodelladriade,0,2,1,Set(https://leanpub.com/u/demetriobattaglia)
https://leanpub.com/realsmartmachines,1606,15,1,Set(https://leanpub.com/u/fergalbyrne)
https://leanpub.com/Humeurs_Tunisiennes,1715,0,1,Set(https://leanpub.com/u/didierlebouc3zNhP7WWr7PurZ_3XszIcS)
https://leanpub.com/andrewchen,0,1223,1,Set(https://leanpub.com/u/andrewchen)
https://leanpub.com/beatingviolence,557,0,1,Set(https://leanpub.com/u/jamesshaw)
https://leanpub.com/ReleasePlanning,2183,67,2,"Set(https://leanpub.com/u/samanthalaing, https://leanpub.com/u/karengreaves)"
https://leanpub.com/watirbook,938,7496,1,Set(https://leanpub.com/u/zeljkofilipin)
https://leanpub.com/phptherightway,11100,4443,2,"Set(https://leanpub.com/u/philsturgeon, https://leanpub.com/u/joshlockhart)"
https://leanpub.com/laravel3xdocs,83,3,1,Set(https://leanpub.com/u/mnishihan)
https://leanpub.com/restful-api-design,6071,281,2,"Set(https://leanpub.com/u/caseysoftware, https://leanpub.com/u/jameshigginbotham)"
https://leanpub.com/coloradospringscoloradocsaguide,202,0,1,Set(https://leanpub.com/u/coloradocsas)
https://leanpub.com/sistagirlz-book-1-livin-just-enough-WHDFHL,672,0,2,"Set(https://leanpub.com/u/leamishell, https://leanpub.com/u/mrsreed)"
https://leanpub.com/SriLanka2014,0,0,0,Set()
https://leanpub.com/understandingrequirements,0,0,1,Set(https://leanpub.com/u/anonymous0aUL9XrA5ERArJSQpoAF3u)
https://leanpub.com/dataflowbook,0,554,1,Set(https://leanpub.com/u/mattcarkci)
https://leanpub.com/cangjiedictionary,0,0,1,Set(https://leanpub.com/u/neilkeleher)
https://leanpub.com/tco-podcasting-on-the-mac,0,0,1,Set(https://leanpub.com/u/andyaffleck)
https://leanpub.com/angularails,0,137,2,"Set(https://leanpub.com/u/jonathanbirkholz, https://leanpub.com/u/jwo)"
https://leanpub.com/largescalesystems,0,0,1,Set(https://leanpub.com/u/karangarewal21njjAk3n9tPQBQJKk46Rc)
https://leanpub.com/cucumber_and_cheese,1889,836,1,Set(https://leanpub.com/u/cheezy)
https://leanpub.com/poeticbuttaflyexpressions,880,17,1,Set(https://leanpub.com/u/poeticbuttafly)
https://leanpub.com/Nina2,0,0,1,Set(https://leanpub.com/u/ddembe)
https://leanpub.com/divergentstreams,183,1791,1,Set(https://leanpub.com/u/kylebylin)
https://leanpub.com/emotionalmastery,0,0,1,Set(https://leanpub.com/u/linhpham)
https://leanpub.com/makingmoneyonlinefromhome,0,0,1,Set(https://leanpub.com/u/paulmason)
https://leanpub.com/zend-framework2-na-pratica,0,32,1,Set(https://leanpub.com/u/eminetto)
https://leanpub.com/lispweb,225,814,1,Set(https://leanpub.com/u/adamtornhill)
https://leanpub.com/selenium_recipes,0,0,1,Set(https://leanpub.com/u/zhiminzhan)
https://leanpub.com/manageyourjobsearch,6462,429,1,Set(https://leanpub.com/u/johannarothman)
https://leanpub.com/buildingphoneapplications,578,0,1,Set(https://leanpub.com/u/vincedasta)
https://leanpub.com/nonlinear,65800,0,1,Set(https://leanpub.com/u/jimkitzmiller)
https://leanpub.com/searchingforlove,198,6,1,Set(https://leanpub.com/u/stephanieawbradley)
https://leanpub.com/Ofertasycontratacionscrum,369,52,1,Set(https://leanpub.com/u/anonymous2DNBhHQPr59f6Zh8TOkWI1)
https://leanpub.com/joesagilereleaseplanning,557,257,1,Set(https://leanpub.com/u/josephlittle)
https://leanpub.com/rebellion,0,0,1,Set(https://leanpub.com/u/paulcamper)
https://leanpub.com/gettingstartedhtml,123,0,1,Set(https://leanpub.com/u/andybell)
https://leanpub.com/triumphalaccounts,1551,0,1,Set(https://leanpub.com/u/anonymous0ZUsgo78P6Px0xy5NRMz1e)
https://leanpub.com/neverservecoldcoffee,5802,0,1,Set(https://leanpub.com/u/mrlockyer)
https://leanpub.com/thebeastsoftheearth,33,0,1,Set(https://leanpub.com/u/blacksword)
https://leanpub.com/What_Must_Be_Done_Chinese_Version,0,0,1,Set(https://leanpub.com/u/raviwu)
https://leanpub.com/VimLikeAPro,2078,814,1,Set(https://leanpub.com/u/tottinge)
https://leanpub.com/yogabasics,0,0,1,Set(https://leanpub.com/u/neilkeleher)
https://leanpub.com/backbonetutorials,3007,24326,1,Set(https://leanpub.com/u/thomasdavis)
https://leanpub.com/deploying_rails_applications-cn,897,93,2,"Set(https://leanpub.com/u/talkingquickly, https://leanpub.com/u/andor_chen)"
https://leanpub.com/markdown,88,0,1,Set(https://leanpub.com/u/timsteinbach)
https://leanpub.com/dealwithit,687,453,1,Set(https://leanpub.com/u/gavd)
https://leanpub.com/codebright-jp,6654,47,3,"Set(https://leanpub.com/u/daylerees, https://leanpub.com/u/hirokws, https://leanpub.com/u/alaguna)"
https://leanpub.com/Myanmar2014,277000,0,1,Set(https://leanpub.com/u/woodegg)
https://leanpub.com/socra,1726,476,1,Set(https://leanpub.com/u/sandromancuso)
https://leanpub.com/findingkingdavid,0,0,0,Set()
https://leanpub.com/lisphackers,0,5909,1,Set(https://leanpub.com/u/vseloved)
https://leanpub.com/chessbegins,59,23,1,Set(https://leanpub.com/u/rossward)
https://leanpub.com/perfectsoftware,7213,2,1,Set(https://leanpub.com/u/jerryweinberg)
https://leanpub.com/remainingrelevant,3458,0,1,Set(https://leanpub.com/u/roblambert121)
https://leanpub.com/Japan2014,277000,0,1,Set(https://leanpub.com/u/woodegg)
https://leanpub.com/Practical_AngularJS,2170,2020,1,Set(https://leanpub.com/u/diniscruz)
https://leanpub.com/uncensored,241900,585,2,"Set(https://leanpub.com/u/hunterwalk, https://leanpub.com/u/ericries)"
https://leanpub.com/metamorphosesoftitus,137,0,1,Set(https://leanpub.com/u/davidpollard)
https://leanpub.com/FaithgivesmeHope,454,14,1,Set(https://leanpub.com/u/andrecronje)
https://leanpub.com/littleorangeubuntubook,6,1580,1,Set(https://leanpub.com/u/jamesgifford)
https://leanpub.com/fotozoektocht,0,45,1,Set(https://leanpub.com/u/peterdoomen)
https://leanpub.com/dinet,12,82,1,Set(https://leanpub.com/u/michaeltsai)
https://leanpub.com/TrainingScrum,2183,203,2,"Set(https://leanpub.com/u/karengreaves, https://leanpub.com/u/samanthalaing)"
https://leanpub.com/crea-api-che-non-odierai,0,0,2,"Set(https://leanpub.com/u/philsturgeon, https://leanpub.com/u/damianoventurin)"
https://leanpub.com/incongruenter,0,0,1,Set(https://leanpub.com/u/author)
https://leanpub.com/emberjsguides,37,271,1,Set(https://leanpub.com/u/jahlom)
https://leanpub.com/UXD-alguem-esta-fazendo-isso-por-voce,440,1272,1,Set(https://leanpub.com/u/thiagoesser)
https://leanpub.com/twinspiratie,242,161,1,Set(https://leanpub.com/u/twinspiratie)
https://leanpub.com/excitingwebpages,0,3,1,Set(https://leanpub.com/u/mdavis)
https://leanpub.com/laravel_in_pratica,115,0,1,Set(https://leanpub.com/u/francescolettera)
https://leanpub.com/Cambodia2014,277000,0,1,Set(https://leanpub.com/u/woodegg)
https://leanpub.com/movingtohk,83,5,1,Set(https://leanpub.com/u/samatkinson)
https://leanpub.com/freebsd10,60,26,1,Set(https://leanpub.com/u/BenediktNiessen)
https://leanpub.com/javascriptnosql,37,99,1,Set(https://leanpub.com/u/piyasde3eO0_mqkHBkv4Jfa8vBAy1)
https://leanpub.com/EducationalExperience,1077,0,1,Set(https://leanpub.com/u/cynthiadagnal-myron)
https://leanpub.com/game-development-design,71,68,1,Set(https://leanpub.com/u/tank)
https://leanpub.com/php101crash-course,0,7,1,Set(https://leanpub.com/u/joshharington)
https://leanpub.com/cancelled,117,6,1,Set(https://leanpub.com/u/cathievr)
https://leanpub.com/playframeworknapratica,608,54,1,Set(https://leanpub.com/u/albertosouza)
https://leanpub.com/denvercoloradocsaguide,202,12,1,Set(https://leanpub.com/u/coloradocsas)
https://leanpub.com/newworld,0,2,1,Set(https://leanpub.com/u/earlgrey)
https://leanpub.com/iossqlite,219,2,1,Set(https://leanpub.com/u/kevlangdo)
https://leanpub.com/basicofsketch-ja,0,6,1,Set(https://leanpub.com/u/auieauieauieauie)
https://leanpub.com/Genetics,0,0,1,Set(https://leanpub.com/u/mesnard)
https://leanpub.com/growing-rails,167,453,2,"Set(https://leanpub.com/u/henning-koch, https://leanpub.com/u/thomas-eisenbarth)"
https://leanpub.com/Practical_Jni4Net,2170,42,1,Set(https://leanpub.com/u/diniscruz)
https://leanpub.com/changesingenesis20,1923,183,1,Set(https://leanpub.com/u/garyjones)
https://leanpub.com/handbookoftechnicalreviewsfourthedition,7213,5,1,Set(https://leanpub.com/u/jerryweinberg)
https://leanpub.com/tpldataflowbyexample,0,255,1,Set(https://leanpub.com/u/mattcarkci)
https://leanpub.com/expectedvalue,0,8,0,Set()
https://leanpub.com/yourapiisbad,687,586,1,Set(https://leanpub.com/u/paddy)
https://leanpub.com/blessed,0,0,1,Set(https://leanpub.com/u/slamet)
https://leanpub.com/b2webapp,0,0,1,Set(https://leanpub.com/u/marciogalli)
https://leanpub.com/littlemimiseries,0,0,1,Set(https://leanpub.com/u/frankydotid)
https://leanpub.com/your-first-ios-app,4414,481,1,Set(https://leanpub.com/u/theashfurrow)
https://leanpub.com/StartupSacrilege,1781,0,1,Set(https://leanpub.com/u/porlando)
https://leanpub.com/desenvolvendo-apis,0,0,2,"Set(https://leanpub.com/u/philsturgeon, https://leanpub.com/u/pedroborg_es)"
https://leanpub.com/remingtonmensshavers,0,0,1,Set(https://leanpub.com/u/russellhobbstoasters)
https://leanpub.com/50quickideas,455,3931,1,Set(https://leanpub.com/u/gojko)
https://leanpub.com/coffeescript-ristretto,9284,1029,1,Set(https://leanpub.com/u/raganwald)
https://leanpub.com/bannedbooksweek,0,0,1,Set(https://leanpub.com/u/derrikbulmer3Lmv1jV4T3TvEuHYGSacGr)
https://leanpub.com/phantasy,0,0,1,Set(https://leanpub.com/u/marlowesr)
https://leanpub.com/flimflamman,0,0,1,Set(https://leanpub.com/u/montypelerin)
https://leanpub.com/bedbound,137,0,1,Set(https://leanpub.com/u/davidpollard)
https://leanpub.com/wrinklefree,1242,0,1,Set(https://leanpub.com/u/matthiasak)
https://leanpub.com/TheManInTheCistern,1551,0,1,Set(https://leanpub.com/u/anonymous0ZUsgo78P6Px0xy5NRMz1e)
https://leanpub.com/antifragilesoftware,1237,231,1,Set(https://leanpub.com/u/russmiles)
https://leanpub.com/jq11,6,0,1,Set(https://leanpub.com/u/patrickverhaert)
https://leanpub.com/gemstonesriseofthereluctant,0,0,1,Set(https://leanpub.com/u/kaylagreen)
https://leanpub.com/software-architecture-for-developers,4703,4388,1,Set(https://leanpub.com/u/simonbrown)
https://leanpub.com/leanselfexercisebook,0,68,0,Set()
https://leanpub.com/aprimeronsql,0,1140,1,Set(https://leanpub.com/u/rbatra)
https://leanpub.com/laravel,13000,0,1,Set(https://leanpub.com/u/taylorotwell)
https://leanpub.com/dpride,1915,0,1,Set(https://leanpub.com/u/jillsanders)
https://leanpub.com/intellectualcuriosity,2062,0,1,Set(https://leanpub.com/u/ajjuliani)
https://leanpub.com/oproveitodaduvida,0,0,1,Set(https://leanpub.com/u/ricardoacastro)
https://leanpub.com/whatsnewinjava8,48,114,1,Set(https://leanpub.com/u/adamldavis)
https://leanpub.com/pasenino,137,0,1,Set(https://leanpub.com/u/davidpollard)
https://leanpub.com/orgintelligence,1466,85,1,Set(https://leanpub.com/u/richardveryard)
https://leanpub.com/zendframework2,49,1209,1,Set(https://leanpub.com/u/michaelromer)
https://leanpub.com/ametaem30paginas,0,0,2,"Set(https://leanpub.com/u/joel-henry, https://leanpub.com/u/luisc)"
https://leanpub.com/ImpedimentsBook,452,23,1,Set(https://leanpub.com/u/tperry)
https://leanpub.com/flicking,223,0,1,Set(https://leanpub.com/u/lukasoberhuber)
https://leanpub.com/mikistli_death-mexepic_vol1,0,0,1,Set(https://leanpub.com/u/davidmartinez)
https://leanpub.com/wakingupwell,0,24,1,Set(https://leanpub.com/u/jwmberkowitz)
https://leanpub.com/howdoiusesourcegraphwithruby,5492,140,1,Set(https://leanpub.com/u/satishtalim)
https://leanpub.com/readevalprintlove001,8380,104,1,Set(https://leanpub.com/u/fogus)
https://leanpub.com/getting-to-iit-delhi,158,522,1,Set(https://leanpub.com/u/jpmahesh)
https://leanpub.com/naf,109,2,1,Set(https://leanpub.com/u/leemiles)
https://leanpub.com/androidtutorial,0,3,1,Set(https://leanpub.com/u/kaviraj)
https://leanpub.com/bouldercoloradocsaguide,202,7,1,Set(https://leanpub.com/u/coloradocsas)
https://leanpub.com/findingpride,1915,0,1,Set(https://leanpub.com/u/jillsanders)
https://leanpub.com/aprimeronjava,0,1002,1,Set(https://leanpub.com/u/rbatra)
https://leanpub.com/structuring-backbone-with-requirejs-and-marionette,263,984,1,Set(https://leanpub.com/u/davidsulc)
https://leanpub.com/clickeragilebook,277,31,1,Set(https://leanpub.com/u/bjorntikkanen)
https://leanpub.com/Vietnam2014,277000,0,1,Set(https://leanpub.com/u/woodegg)
https://leanpub.com/marionette-gentle-introduction,263,2417,1,Set(https://leanpub.com/u/davidsulc)
https://leanpub.com/smtb,2078,74,1,Set(https://leanpub.com/u/tottinge)
https://leanpub.com/nightowls,4018,1882,1,Set(https://leanpub.com/u/swizec)
https://leanpub.com/fromthehillside,0,0,1,Set(https://leanpub.com/u/stephenmoore)
https://leanpub.com/poweroftwitterchats,2770,0,1,Set(https://leanpub.com/u/cindyfsolomon)
https://leanpub.com/procurementintroduction,258,88,1,Set(https://leanpub.com/u/jorgelynch)
https://leanpub.com/rareorchid,0,5,0,Set()
https://leanpub.com/optimizingtheflow,183,89,1,Set(https://leanpub.com/u/paulocaroli)
https://leanpub.com/hackteur,591,32,1,Set(https://leanpub.com/u/alexis8nicolas)
https://leanpub.com/Indonesia2014,277000,0,1,Set(https://leanpub.com/u/woodegg)
https://leanpub.com/tco-apple-tv,702,0,1,Set(https://leanpub.com/u/joshcenters)
https://leanpub.com/painless_vim,104,214,1,Set(https://leanpub.com/u/natedickson)
https://leanpub.com/4rulesofsimpledesign,12800,1208,1,Set(https://leanpub.com/u/coreyhaines)
https://leanpub.com/tb-services,2427,45,1,Set(https://leanpub.com/u/tetradian)
https://leanpub.com/runway,538,101,1,Set(https://leanpub.com/u/tomhoward)
https://leanpub.com/modelingandsimulationwithbizagiprocessmodelerversion25,0,0,1,Set(https://leanpub.com/u/theinstitute)
https://leanpub.com/safariwnamibii,93,0,1,Set(https://leanpub.com/u/kwisniewski)
https://leanpub.com/archetypes_state_of_play,0,28,1,Set(https://leanpub.com/u/devonsteiger)
https://leanpub.com/vagrantcookbook-ptbr,0,23,0,Set()
https://leanpub.com/nwotdbook,0,144,1,Set(https://leanpub.com/u/bcshorty)
https://leanpub.com/goldgunsandgod,0,0,2,"Set(https://leanpub.com/u/juanmagg, https://leanpub.com/u/g3edge)"
https://leanpub.com/QuiztigMetBier,0,0,1,Set(https://leanpub.com/u/peterdoomen)
https://leanpub.com/KeepingSoftwareSoft,467,54,1,Set(https://leanpub.com/u/jasonroberts)
https://leanpub.com/white-box-networking-in-2014,11000,43,1,Set(https://leanpub.com/u/EtherealMind)
https://leanpub.com/sko,59,2,1,Set(https://leanpub.com/u/engineryildiz)
https://leanpub.com/Korea2014,277000,0,1,Set(https://leanpub.com/u/woodegg)
https://leanpub.com/booboothebluechicken,0,0,1,Set(https://leanpub.com/u/amosavery)
https://leanpub.com/scrumtips,1051,247,1,Set(https://leanpub.com/u/tobiasfors)
https://leanpub.com/summer-mvc,0,17,1,Set(https://leanpub.com/u/rutishauser)
https://leanpub.com/groovy-goodness-notebook,1832,0,1,Set(https://leanpub.com/u/mrhaki)
https://leanpub.com/thekey-book1,103,26,1,Set(https://leanpub.com/u/amyalexandra)
https://leanpub.com/christlike,0,2,1,Set(https://leanpub.com/u/otmedia)
https://leanpub.com/agilereader,1715,7,1,Set(https://leanpub.com/u/anonymous2BypmyCJHE3v-RIRGcRrgT)
https://leanpub.com/hiringgeeks,6462,448,1,Set(https://leanpub.com/u/johannarothman)
https://leanpub.com/theinbetween,0,0,1,Set(https://leanpub.com/u/costallee)
https://leanpub.com/hunger-games-summary,0,0,1,Set(https://leanpub.com/u/brevebooks)
https://leanpub.com/deploying_rails_applications,0,697,1,Set(https://leanpub.com/u/talkingquickly)
https://leanpub.com/node-principiante,10461,0,3,"Set(https://leanpub.com/u/obie, https://leanpub.com/u/manuelkiessling, https://leanpub.com/u/debbieandpablobontti)"
https://leanpub.com/LandoCruz,2866,13,1,Set(https://leanpub.com/u/GeorgeDonnelly)
https://leanpub.com/impossible,3213,0,1,Set(https://leanpub.com/u/rosbarber)
https://leanpub.com/venturehacks,0,1288,2,"Set(https://leanpub.com/u/nivi, https://leanpub.com/u/naval)"
https://leanpub.com/quickguidefirefoxosdevelopment,608,5795,1,Set(https://leanpub.com/u/andregarzia)
https://leanpub.com/indoctrinator,5,0,1,Set(https://leanpub.com/u/concepthacker)
https://leanpub.com/tp-ecanvas,2427,36,1,Set(https://leanpub.com/u/tetradian)
https://leanpub.com/hpmor,0,568,2,"Set(https://leanpub.com/u/eliezeryudkowsky, https://leanpub.com/u/stavros)"
https://leanpub.com/hippo4xmas,922,4,1,Set(https://leanpub.com/u/blowagie)
https://leanpub.com/Singapore2014,277000,0,1,Set(https://leanpub.com/u/woodegg)
https://leanpub.com/NaughtyNotions1,1230,0,1,Set(https://leanpub.com/u/naughtiescribe)
https://leanpub.com/astralforce-1,0,3,1,Set(https://leanpub.com/u/anonymous2hLLJRPSv8igY9HWuG_NYz)
https://leanpub.com/savedbyabug,0,2,1,Set(https://leanpub.com/u/paulbranski)
https://leanpub.com/emergent,311,45,1,Set(https://leanpub.com/u/cesarioramos)
https://leanpub.com/cocinanatural,0,0,1,Set(https://leanpub.com/u/juanmanuelferrera)
https://leanpub.com/bloodanddust,0,25,1,Set(https://leanpub.com/u/kemacleod)
https://leanpub.com/nodecraftsman,1550,1561,1,Set(https://leanpub.com/u/manuelkiessling)
https://leanpub.com/OAF,0,0,0,Set()
https://leanpub.com/theperpetualpapersofthepackofpets,2245,0,1,Set(https://leanpub.com/u/stanleyandkatrina)
https://leanpub.com/solivagantsouls,0,2,1,Set(https://leanpub.com/u/evasabolcik)
https://leanpub.com/LeanHomeschoolingYear,0,0,1,Set(https://leanpub.com/u/cberkstresser)
https://leanpub.com/sangueimmortale,0,7,1,Set(https://leanpub.com/u/manuelavalente)
https://leanpub.com/roseonfire,154,56,1,Set(https://leanpub.com/u/ellanathornton-wheybrew)
https://leanpub.com/thepatternmaker,0,0,1,Set(https://leanpub.com/u/nicholasrobertlim)
https://leanpub.com/ResponsibleDesignAndroid-Part1,6122,326,1,Set(https://leanpub.com/u/jbrains)
https://leanpub.com/jsf,0,45,1,Set(https://leanpub.com/u/muellermi)
https://leanpub.com/coding-bootcamps,361,107,1,Set(https://leanpub.com/u/davidkim)
https://leanpub.com/javascript-spessore,9284,239,1,Set(https://leanpub.com/u/raganwald)
https://leanpub.com/html5basic,168,0,1,Set(https://leanpub.com/u/nurulimam)
https://leanpub.com/tcoc,1096,59,1,Set(https://leanpub.com/u/nicolasstampf)
https://leanpub.com/craftingshakespeare,0,31,1,Set(https://leanpub.com/u/jillkswanson)
https://leanpub.com/cstips,467,811,1,Set(https://leanpub.com/u/jasonroberts)
https://leanpub.com/agileplanet,227,221,1,Set(https://leanpub.com/u/anonymous3AhjzDyvf5uAjSAXaF6H5Z)
https://leanpub.com/managementmatters,1326,107,1,Set(https://leanpub.com/u/johnhunter)
https://leanpub.com/everydayrailsrspec-cn,1679,298,2,"Set(https://leanpub.com/u/aaronsumner, https://leanpub.com/u/andor_chen)"
https://leanpub.com/lispwebtales,293,424,1,Set(https://leanpub.com/u/pvlpenev)
https://leanpub.com/pro-git,55,0,1,Set(https://leanpub.com/u/ericdouglas)
https://leanpub.com/learn-how-products-get-started,0,0,1,Set(https://leanpub.com/u/johnmcdowall)
https://leanpub.com/rigid-heddle,25,8,1,Set(https://leanpub.com/u/matthewwilliams)
https://leanpub.com/laravel4cookbook-pt-br,13000,0,3,"Set(https://leanpub.com/u/assertchris, https://leanpub.com/u/taylorotwell, https://leanpub.com/u/pedroborg_es)"
https://leanpub.com/afafpov,10700,0,1,Set(https://leanpub.com/u/autismfather)
https://leanpub.com/Abandonmentparty,0,23,1,Set(https://leanpub.com/u/bradsmith)
https://leanpub.com/oopinjavascript,25300,1039,1,Set(https://leanpub.com/u/nzakas)
https://leanpub.com/noveltywaves,2275,0,1,Set(https://leanpub.com/u/zenbullets)
https://leanpub.com/angularjs-zendframework2,49,31,1,Set(https://leanpub.com/u/michaelromer)
https://leanpub.com/watir_recipes,0,0,1,Set(https://leanpub.com/u/zhiminzhan)
https://leanpub.com/painless_tmux,104,75,1,Set(https://leanpub.com/u/natedickson)
https://leanpub.com/build,11700,314,1,Set(https://leanpub.com/u/royosherove)
https://leanpub.com/writingonthegowithscrivener,0,6,1,Set(https://leanpub.com/u/philipespinosa)
https://leanpub.com/singularities-short,6,18,1,Set(https://leanpub.com/u/jgribeiro)
https://leanpub.com/thathoosierscap,1489,0,1,Set(https://leanpub.com/u/daveking)
https://leanpub.com/everwhere,37,0,1,Set(https://leanpub.com/u/rebeccalee)
https://leanpub.com/Nightfall,0,5,1,Set(https://leanpub.com/u/maximillianderembourg)
https://leanpub.com/jes,0,0,1,Set(https://leanpub.com/u/nonfixe)
https://leanpub.com/cpp11-rocks-gcc-edition,666,0,1,Set(https://leanpub.com/u/alexkorban)
https://leanpub.com/prescelti,0,8,1,Set(https://leanpub.com/u/manuelavalente)
https://leanpub.com/dashofromance,1202,5,1,Set(https://leanpub.com/u/elleclouse)
https://leanpub.com/go-thestdlib,881,167,1,Set(https://leanpub.com/u/darkhelmetlive)
https://leanpub.com/theincrementalarchitectsnapkin,1200,7,1,Set(https://leanpub.com/u/ralfw)
https://leanpub.com/practical_web_test_automation,0,0,1,Set(https://leanpub.com/u/zhiminzhan)
https://leanpub.com/nonprofitbookofawesome2013,905,17,1,Set(https://leanpub.com/u/johnfulwider)
https://leanpub.com/devoirslean,662,40,1,Set(https://leanpub.com/u/houdahamdane)
https://leanpub.com/TheLeadershipGame,0,336,3,"Set(https://leanpub.com/u/YvesHanoulle, https://leanpub.com/u/meikemertsch, https://leanpub.com/u/ignacehanoulle)"
https://leanpub.com/combinators,9284,842,1,Set(https://leanpub.com/u/raganwald)
https://leanpub.com/atailafire,574,0,1,Set(https://leanpub.com/u/blfoxxe_mkitsune)
https://leanpub.com/gooddaystory,0,5,1,Set(https://leanpub.com/u/platoosom)
https://leanpub.com/teliganbyterstrategi,0,0,1,Set(https://leanpub.com/u/martinliss)
https://leanpub.com/ControversialLove,366,40,1,Set(https://leanpub.com/u/churchjohnson28)
https://leanpub.com/seanellis,0,1235,1,Set(https://leanpub.com/u/seanellis)
https://leanpub.com/thehipcontrolguide,0,34,1,Set(https://leanpub.com/u/neilkeleher)
https://leanpub.com/ZinC,0,0,1,Set(https://leanpub.com/u/cc)
https://leanpub.com/scrapingforjournalists,21400,1020,1,Set(https://leanpub.com/u/paulbradshaw)
https://leanpub.com/WhoisagileSouthAfrica,2183,19,3,"Set(https://leanpub.com/u/YvesHanoulle, https://leanpub.com/u/samanthalaing, https://leanpub.com/u/karengreaves)"
https://leanpub.com/modernjava,48,56,1,Set(https://leanpub.com/u/adamldavis)
https://leanpub.com/leana,5,4,1,Set(https://leanpub.com/u/caroline)
https://leanpub.com/tp-scan,2427,19,1,Set(https://leanpub.com/u/tetradian)
https://leanpub.com/alpha-dog,0,17,1,Set(https://leanpub.com/u/melodaf)
https://leanpub.com/citizenvideo,577,0,1,Set(https://leanpub.com/u/anonymous3z9asYEU17Xew5YXSpOCyh)
https://leanpub.com/rails-101,6121,3822,1,Set(https://leanpub.com/u/xdite)
https://leanpub.com/d3angularjs,1777,851,2,"Set(https://leanpub.com/u/fullstack, https://leanpub.com/u/vicapow)"
https://leanpub.com/archesv2installationguide,154,225,1,Set(https://leanpub.com/u/arches)
https://leanpub.com/nodejs-backbone-software,0,347,1,Set(https://leanpub.com/u/jollen)
https://leanpub.com/predicting-security-threats-with-splunk,0,3,1,Set(https://leanpub.com/u/alessandro-parisi)
https://leanpub.com/conhecendo-ruby,1381,984,1,Set(https://leanpub.com/u/taq)
https://leanpub.com/opengate,499,0,1,Set(https://leanpub.com/u/bdillahu)
https://leanpub.com/D3-Tips-and-Tricks,312,12026,1,Set(https://leanpub.com/u/d3noob)
https://leanpub.com/anovelist,21,3,1,Set(https://leanpub.com/u/esthersloyer)
https://leanpub.com/sistagirlz-book-3-neva-saw-it-comin,0,0,1,Set(https://leanpub.com/u/leamishell)
https://leanpub.com/yogaschmoga,348,30,1,Set(https://leanpub.com/u/michellemargaret)
https://leanpub.com/nietzschesfootfalls,137,0,1,Set(https://leanpub.com/u/davidpollard)
https://leanpub.com/picturestalk,366,15,1,Set(https://leanpub.com/u/churchjohnson28)
https://leanpub.com/gettingstuffdonelaravel,0,0,1,Set(https://leanpub.com/u/chuckheintzelman)
https://leanpub.com/testmobileapps,1188,0,1,Set(https://leanpub.com/u/jonathankohl)
https://leanpub.com/xamarin-android-app-dev,329,109,1,Set(https://leanpub.com/u/dpatra)
https://leanpub.com/sistagirlz-book-2-illusions,672,0,2,"Set(https://leanpub.com/u/leamishell, https://leanpub.com/u/mrsreed)"
https://leanpub.com/build-apis-you-wont-hate,0,1308,1,Set(https://leanpub.com/u/philsturgeon)
https://leanpub.com/TheBestLaidPlans,0,13,1,Set(https://leanpub.com/u/fallyntalyn)
https://leanpub.com/spanish-night,0,5,1,Set(https://leanpub.com/u/rosapjli)
https://leanpub.com/cakephpunittesting,663,44,1,Set(https://leanpub.com/u/rrd)
https://leanpub.com/grumpy-testing,5571,1278,1,Set(https://leanpub.com/u/chartjes)
https://leanpub.com/itsyourmove,362,16,1,Set(https://leanpub.com/u/robertdbrowniii)
https://leanpub.com/academic-research,53,25,1,Set(https://leanpub.com/u/joanne)
https://leanpub.com/teamleader,11700,1458,1,Set(https://leanpub.com/u/royosherove)
https://leanpub.com/zomopolis,0,0,0,Set()
https://leanpub.com/talesofthesoul,0,13,1,Set(https://leanpub.com/u/cadimartin)
https://leanpub.com/AHoleInTheUniverse,0,0,1,Set(https://leanpub.com/u/jonathangrant)
https://leanpub.com/dirk-finley-something-borrowed,366,5,1,Set(https://leanpub.com/u/mikebranski)
https://leanpub.com/recurring-revenue-web-agencies,221,0,1,Set(https://leanpub.com/u/luckyisgood)
https://leanpub.com/homeownerhacks,5,0,1,Set(https://leanpub.com/u/concepthacker)
https://leanpub.com/emberjs_applications,0,193,0,Set()
https://leanpub.com/thesecretsofconsulting,7213,19,1,Set(https://leanpub.com/u/jerryweinberg)
https://leanpub.com/rebuildingmootools,0,6,1,Set(https://leanpub.com/u/assertchris)
https://leanpub.com/appsters,0,0,1,Set(https://leanpub.com/u/bobbygill)
https://leanpub.com/clearingawaythecrapinmycap,0,0,1,Set(https://leanpub.com/u/marksentoshirusso)
https://leanpub.com/thesupernaturalparadox,0,0,1,Set(https://leanpub.com/u/thraeelddim)
https://leanpub.com/talktomebook,1033,0,1,Set(https://leanpub.com/u/suejohnston)
https://leanpub.com/clojure-for-the-brave-and-true,0,192,1,Set(https://leanpub.com/u/nonrecursive)
https://leanpub.com/gruntcookbook,190,18,1,Set(https://leanpub.com/u/mattgoldspink)
https://leanpub.com/AgileQuizzitch,561,137,2,"Set(https://leanpub.com/u/peterdoomen, https://leanpub.com/u/svencipido)"
https://leanpub.com/spreadsheetstories,21400,60,1,Set(https://leanpub.com/u/paulbradshaw)
https://leanpub.com/focusonyoursuccess,0,0,1,Set(https://leanpub.com/u/philipespinosa)
https://leanpub.com/thesimpleleader,0,20,1,Set(https://leanpub.com/u/anonymous256Fo-irDBKQWETKhY2C-5)
https://leanpub.com/samuraithebeginning,595,5,1,Set(https://leanpub.com/u/poppingtonic)
https://leanpub.com/ToevalBestaatNiet,0,0,1,Set(https://leanpub.com/u/amyvanvre)
https://leanpub.com/21stcenturynewsroom,21400,1034,1,Set(https://leanpub.com/u/paulbradshaw)
https://leanpub.com/recetasharekrsnaantiguas,0,0,1,Set(https://leanpub.com/u/juanmanuelferrera)
https://leanpub.com/Humeurs_Economiques,1715,0,1,Set(https://leanpub.com/u/didierlebouc3zNhP7WWr7PurZ_3XszIcS)
https://leanpub.com/themarchmontfalcon,265,0,1,Set(https://leanpub.com/u/kestrel)
https://leanpub.com/activitycentereddesign,326,0,1,Set(https://leanpub.com/u/stephanschwab)
https://leanpub.com/WhoIsAgile,0,484,6,"Set(https://leanpub.com/u/mfloryan, https://leanpub.com/u/andreachiou, https://leanpub.com/u/anonymous2GAOijwmP5tvyPt8RnpDGe, https://leanpub.com/u/YvesHanoulle, https://leanpub.com/u/micaarie, https://leanpub.com/u/peterdoomen)"
https://leanpub.com/shapescript,0,16,1,Set(https://leanpub.com/u/thomaskilian)
https://leanpub.com/migrating2nbp,0,0,2,"Set(https://leanpub.com/u/jasonwexbridge, https://leanpub.com/u/walternyland)"
https://leanpub.com/lappendifiabe,0,0,2,"Set(https://leanpub.com/u/silviacasini, https://leanpub.com/u/laragazzacongliocchiverdi)"
https://leanpub.com/nightingalethrone,5841,8,1,Set(https://leanpub.com/u/lunivore)
https://leanpub.com/meninism,4458,13,1,Set(https://leanpub.com/u/josephstash)
https://leanpub.com/mermaidocean,0,2,1,Set(https://leanpub.com/u/daphodil0200)
https://leanpub.com/phpusuluneuygun,124,241,1,Set(https://leanpub.com/u/sineld)
https://leanpub.com/memoirs-of-a-software-team-leader,28,87,1,Set(https://leanpub.com/u/lukaszwrobel)
https://leanpub.com/battingat10,0,21,1,Set(https://leanpub.com/u/chickdubber)
https://leanpub.com/angliai-utikalauz-itsoknak,635,11,1,Set(https://leanpub.com/u/meza)
https://leanpub.com/poeticlicense,0,4,1,Set(https://leanpub.com/u/crisses)
https://leanpub.com/night,24300,374,1,Set(https://leanpub.com/u/heraldleader)
https://leanpub.com/ruphptherightway,0,1368,1,Set(https://leanpub.com/u/getjump)
https://leanpub.com/Sally_Strange_Grade_7,138,0,1,Set(https://leanpub.com/u/nicorowinsky)
https://leanpub.com/dnssecmastery,1561,91,1,Set(https://leanpub.com/u/michaelwlucas)
https://leanpub.com/memorytraining,0,0,1,Set(https://leanpub.com/u/jaapmurre)
https://leanpub.com/agile-expression-de-besoins,855,152,1,Set(https://leanpub.com/u/thierrycros)
https://leanpub.com/ScriptingEA,0,0,1,Set(https://leanpub.com/u/thomaskilian)
https://leanpub.com/solr-vs-elasticsearch,196,13,1,Set(https://leanpub.com/u/arafalov)
https://leanpub.com/theengineer,233,116,1,Set(https://leanpub.com/u/eriknordeus)
https://leanpub.com/manual,1067,721,4,"Set(https://leanpub.com/u/lenepp, https://leanpub.com/u/scott, https://leanpub.com/u/peter, https://leanpub.com/u/steveluscher)"
https://leanpub.com/learnjs-01,663,81,1,Set(https://leanpub.com/u/sethvincent)
https://leanpub.com/InsideEA,0,0,1,Set(https://leanpub.com/u/thomaskilian)
https://leanpub.com/vagrantcookbook,3688,506,1,Set(https://leanpub.com/u/erikaheidi)
https://leanpub.com/mlaphp,1119,407,1,Set(https://leanpub.com/u/pmjones)
https://leanpub.com/wrinklefree-jquery-and-html5,1242,0,1,Set(https://leanpub.com/u/matthiasak)
https://leanpub.com/nbp4beginners,0,0,2,"Set(https://leanpub.com/u/jasonwexbridge, https://leanpub.com/u/walternyland)"
https://leanpub.com/a-year-with-symfony,1530,926,1,Set(https://leanpub.com/u/matthiasnoback)
https://leanpub.com/fortcollinscoloradocsaguide,202,3,1,Set(https://leanpub.com/u/coloradocsas)
https://leanpub.com/traveldiary,0,11,1,Set(https://leanpub.com/u/billymoon)
https://leanpub.com/hideawayreflectionofalie,0,0,1,Set(https://leanpub.com/u/sylusrademacher)
https://leanpub.com/securingphp-coreconcepts,4367,181,1,Set(https://leanpub.com/u/ccornutt)
https://leanpub.com/codebright-tr,6778,56,3,"Set(https://leanpub.com/u/daylerees, https://leanpub.com/u/sineld, https://leanpub.com/u/alaguna)"
https://leanpub.com/ttulodolivro1,0,0,1,Set(https://leanpub.com/u/rmfavaretto)
https://leanpub.com/eudatenschutz,2744,6,1,Set(https://leanpub.com/u/tante)
https://leanpub.com/hibernate4-example-programs,139,1613,1,Set(https://leanpub.com/u/mohanarun)
https://leanpub.com/pursuit,7461,3,1,Set(https://leanpub.com/u/jimmurdoch)
https://leanpub.com/emberonrails,895,5,1,Set(https://leanpub.com/u/owenerickson0PxpuXdnPChOIPS7XoBAbE)
https://leanpub.com/SellingTestDrivenProjects,181,0,1,Set(https://leanpub.com/u/judithandresen)
https://leanpub.com/hipaaauditprogramprotocol,130,0,1,Set(https://leanpub.com/u/deekayen)
https://leanpub.com/startupflow,291,169,3,"Set(https://leanpub.com/u/stanislasmarion, https://leanpub.com/u/charlesmiglietti, https://leanpub.com/u/louischatriot)"
https://leanpub.com/yourleadershipedge,0,0,1,Set(https://leanpub.com/u/ravindertulsiani)
https://leanpub.com/trellodojo,0,390,1,Set(https://leanpub.com/u/danielroot)
https://leanpub.com/jsfun,2607,4094,1,Set(https://leanpub.com/u/azat)
https://leanpub.com/FollowtheLeader,0,13,0,Set()
https://leanpub.com/programmerenvoorkinderen,862,0,2,"Set(https://leanpub.com/u/peter, https://leanpub.com/u/YvesHanoulle)"
https://leanpub.com/shattered,0,0,1,Set(https://leanpub.com/u/clemmons-rockyproductions)
https://leanpub.com/alwaysaduck,8613,145,1,Set(https://leanpub.com/u/testobsessed)
https://leanpub.com/criticamuzicala,0,18,1,Set(https://leanpub.com/u/attilavago85)
https://leanpub.com/dubber-de,11100,55,1,Set(https://leanpub.com/u/dubber)
https://leanpub.com/bolsachica,0,0,1,Set(https://leanpub.com/u/derrikbulmer3Lmv1jV4T3TvEuHYGSacGr)
https://leanpub.com/cpp_for_dinosaurs,0,0,0,Set()
https://leanpub.com/MasteringBacklogs,2183,71,2,"Set(https://leanpub.com/u/samanthalaing, https://leanpub.com/u/karengreaves)"
https://leanpub.com/beyondkony2012,11700,1359,1,Set(https://leanpub.com/u/amandataub)
https://leanpub.com/sistagirlz-trivia,672,0,2,"Set(https://leanpub.com/u/leamishell, https://leanpub.com/u/mrsreed)"
https://leanpub.com/tco-pages,0,983,1,Set(https://leanpub.com/u/mcohen)
https://leanpub.com/roseinice,0,7,0,Set()
https://leanpub.com/codehappy,0,3103,1,Set(https://leanpub.com/u/daylerees)
https://leanpub.com/conhecendo-rails,1381,25,1,Set(https://leanpub.com/u/taq)
https://leanpub.com/dowhatyoulove,9284,8315,1,Set(https://leanpub.com/u/raganwald)
https://leanpub.com/EA-in-10-days,0,302,1,Set(https://leanpub.com/u/peterdoomen)
https://leanpub.com/what-the-board,113,92,1,Set(https://leanpub.com/u/whattheflop)
https://leanpub.com/aburningsecret,0,0,1,Set(https://leanpub.com/u/beverlymontgomery)
https://leanpub.com/fatshoulders,0,21,1,Set(https://leanpub.com/u/neilkeleher)
https://leanpub.com/alexandhappy,0,6,1,Set(https://leanpub.com/u/jmoy)
https://leanpub.com/agilerequirements,2183,72,2,"Set(https://leanpub.com/u/samanthalaing, https://leanpub.com/u/karengreaves)"
https://leanpub.com/napastokolisanja,336,0,1,Set(https://leanpub.com/u/davorbanovic)
https://leanpub.com/gyrovagues,0,24,1,Set(https://leanpub.com/u/jaapkemp)
https://leanpub.com/startuplessonslearned,175000,706,1,Set(https://leanpub.com/u/ericries)
https://leanpub.com/LectureNotesIntelligentAgentsSpring2013,0,2,1,Set(https://leanpub.com/u/federicogobbo)
https://leanpub.com/troubleshoot-linux-server-and-networks,0,0,1,Set(https://leanpub.com/u/mamawe)
https://leanpub.com/TheSkoolofLife,500,491,1,Set(https://leanpub.com/u/srinivasrao)
https://leanpub.com/kanbanforskeptics,1034,2297,1,Set(https://leanpub.com/u/nickoostvogels)
https://leanpub.com/jeelabs,0,759,1,Set(https://leanpub.com/u/jcw)
https://leanpub.com/lordofthedeer,0,20,1,Set(https://leanpub.com/u/sirildoreyes)
https://leanpub.com/primalpassions,510,70,1,Set(https://leanpub.com/u/lynnalexandriamckendrick)
https://leanpub.com/wordpressthemefromscratch,140,0,1,Set(https://leanpub.com/u/jerickson)
https://leanpub.com/principles-of-php-package-design,1530,155,1,Set(https://leanpub.com/u/matthiasnoback)
https://leanpub.com/phpprojectguide,0,1268,1,Set(https://leanpub.com/u/alexgarrett)
https://leanpub.com/dubber,11100,2779,1,Set(https://leanpub.com/u/dubber)
https://leanpub.com/angularjs-cookbook,0,65,1,Set(https://leanpub.com/u/saschabrink)
https://leanpub.com/eloquentjavascript,55,437,1,Set(https://leanpub.com/u/ericdouglas)
https://leanpub.com/xmppopenfire,0,5,1,Set(https://leanpub.com/u/platoosom)
https://leanpub.com/MoneyWealth,454,18,1,Set(https://leanpub.com/u/andrecronje)
https://leanpub.com/iosfrp,4414,993,1,Set(https://leanpub.com/u/theashfurrow)
https://leanpub.com/pride-and-paradev,0,0,1,Set(https://leanpub.com/u/alisterscott)
https://leanpub.com/splitdecision,0,5,1,Set(https://leanpub.com/u/crisses)
https://leanpub.com/autismfather,10700,41,1,Set(https://leanpub.com/u/autismfather)
https://leanpub.com/Practical_Git,2170,314,1,Set(https://leanpub.com/u/diniscruz)
https://leanpub.com/l4-offline-doc,83,1713,1,Set(https://leanpub.com/u/mnishihan)
https://leanpub.com/huddam,26,9,1,Set(https://leanpub.com/u/celaldengiz)
https://leanpub.com/o3addiction,0,0,2,"Set(https://leanpub.com/u/juanmagg, https://leanpub.com/u/rodcaceres)"
https://leanpub.com/bizanalysiswithr,362,45,1,Set(https://leanpub.com/u/robertdbrowniii)
https://leanpub.com/buildingsecurephpapps,0,310,1,Set(https://leanpub.com/u/benedmunds)
https://leanpub.com/pubpath,538,8,1,Set(https://leanpub.com/u/anonymous27jH-VXtj2bhHFsVGej5re)
https://leanpub.com/iword-food-additives-introduction,0,2,1,Set(https://leanpub.com/u/iword)
https://leanpub.com/thrive,0,0,1,Set(https://leanpub.com/u/agileinsider)
https://leanpub.com/bastards-regexes,6697,2684,1,Set(https://leanpub.com/u/dnguyen)
https://leanpub.com/prabhupadanow,0,0,2,"Set(https://leanpub.com/u/brajismadas, https://leanpub.com/u/draupadidasi)"
https://leanpub.com/zenia,0,10,1,Set(https://leanpub.com/u/zeniaofshaula)
https://leanpub.com/appengine,294,80,1,Set(https://leanpub.com/u/renzo)
https://leanpub.com/the-retrospective-handbook,1476,1194,1,Set(https://leanpub.com/u/thekua)
https://leanpub.com/silversongchild,5841,75,1,Set(https://leanpub.com/u/lunivore)
https://leanpub.com/startabusinessintaiwan,0,71,0,Set()
https://leanpub.com/shades-of-emotion,0,0,1,Set(https://leanpub.com/u/rosapjli)
https://leanpub.com/affarsplanftw,0,0,1,Set(https://leanpub.com/u/jesperforslund)
https://leanpub.com/nobudgetbudget,5,0,1,Set(https://leanpub.com/u/concepthacker)
https://leanpub.com/Imperia,246,68,1,Set(https://leanpub.com/u/yovanmenkevick)
https://leanpub.com/phoenixreborn,0,0,1,Set(https://leanpub.com/u/mickey98)
https://leanpub.com/ansible-for-devops,3524,502,1,Set(https://leanpub.com/u/geerlingguy)
https://leanpub.com/javascript-allonge,9284,2269,1,Set(https://leanpub.com/u/raganwald)
https://leanpub.com/Making_Economic_Sense_Chinese_Version,0,0,1,Set(https://leanpub.com/u/raviwu)
https://leanpub.com/the-dawning-of-twilight,0,2,1,Set(https://leanpub.com/u/rosapjli)
https://leanpub.com/itspaybacktime,0,12,1,Set(https://leanpub.com/u/thesavvygrad)
https://leanpub.com/triggerpoint,71,4,1,Set(https://leanpub.com/u/ryankurr)
