BookUrl,NumberOfTweets,Readers,Language,AuthorUrl
https://leanpub.com/judo4parents,,19,English,https://leanpub.com/u/lancewicks
https://leanpub.com/OAF,,,Langue du livre : français,https://leanpub.com/u/thierrycros
https://leanpub.com/buildingsecurephpapps-es,,,El idioma del libro: Español,https://leanpub.com/u/benedmunds,https://leanpub.com/u/dexbarrett
https://leanpub.com/EverlastingArm,,,English,https://leanpub.com/u/stevemiller
https://leanpub.com/murdered_professor,,,English,https://leanpub.com/u/sausheong
https://leanpub.com/ShacharWants,,,English,https://leanpub.com/u/ideetsivan
https://leanpub.com/10-Women-and-Their-Venture-to-The-World-of-Erotica,,,English,https://leanpub.com/u/penelopestmartin
https://leanpub.com/how-convert-psd-photoshop-html-css,,8,English,https://leanpub.com/u/artmov
https://leanpub.com/cognitiveproductivity,,,English,https://leanpub.com/u/LucBeaudoin
https://leanpub.com/aventura-en-las-arenas,,13,El idioma del libro: Español
https://leanpub.com/Exploiting_MVC,,62,English,https://leanpub.com/u/diniscruz
https://leanpub.com/HongKong2014,,,English,https://leanpub.com/u/woodegg
https://leanpub.com/apocalipses-individuais,,,Idioma do Livro: Português,https://leanpub.com/u/alexpiaz
https://leanpub.com/vagrantcookbook-ptbr,,23,Idioma do Livro: Português,https://leanpub.com/u/erikaheidi
https://leanpub.com/git-flow,,176,English,https://leanpub.com/u/jhauraw
https://leanpub.com/msoffice,,35,English,https://leanpub.com/u/cyrijones2
https://leanpub.com/naturesfate,,4,English,https://leanpub.com/u/rileyaddams
https://leanpub.com/UXD-alguem-esta-fazendo-isso-por-voce,,1271,Idioma do Livro: Português,https://leanpub.com/u/thiagoesser
https://leanpub.com/gundamseeddestinydarknessrising,,,English,https://leanpub.com/u/docwinters
https://leanpub.com/securingphp-usualsuspects,,79,English,https://leanpub.com/u/ccornutt
https://leanpub.com/building-backbone-plugins,,1003,English,https://leanpub.com/u/derickbailey,https://leanpub.com/u/jeromegn
https://leanpub.com/ThaiSwift,,548,Thai,https://leanpub.com/u/sakko
https://leanpub.com/We_are_the_KAMZ,,38,English,https://leanpub.com/u/jgribeiro
https://leanpub.com/Asia2014,,,English,https://leanpub.com/u/woodegg
https://leanpub.com/tpwr,,,English,https://leanpub.com/u/robmil
https://leanpub.com/sexiliketoremember,,,English,https://leanpub.com/u/nadiaalgerl
https://leanpub.com/SometimesWeRan,,2,English,https://leanpub.com/u/stephendrivick
https://leanpub.com/cheatingdeath,,,English,https://leanpub.com/u/stephenmoore
https://leanpub.com/netiquette,,3,English,https://leanpub.com/u/matthewstrawbridge
https://leanpub.com/phptherightway,,4442,English,https://leanpub.com/u/philsturgeon,https://leanpub.com/u/joshlockhart
https://leanpub.com/offthebook,,2,English,https://leanpub.com/u/delodell
https://leanpub.com/essaysforcafephilosophy,,,English,https://leanpub.com/u/michaelpicard
https://leanpub.com/blackmagic,,,English,https://leanpub.com/u/danshaurette
https://leanpub.com/faitmaison,,,English,https://leanpub.com/u/rachelpanckhurst
https://leanpub.com/gabbiani,,11,Lingua del libro: italiana,https://leanpub.com/u/williamghelfi
https://leanpub.com/lotharsstratagem,,,English,https://leanpub.com/u/libbysinclair
https://leanpub.com/youarewhatyoudecide,,,English,https://leanpub.com/u/seanbrady
https://leanpub.com/using-zend-framework-2,,196,English,https://leanpub.com/u/zexspectrum
https://leanpub.com/moondrop,,,English,https://leanpub.com/u/jennatoff
https://leanpub.com/r-for-excelusers,,,English,https://leanpub.com/u/jtaveras
https://leanpub.com/EABA,,39,English,https://leanpub.com/u/thomaskilian
https://leanpub.com/express,,665,English,https://leanpub.com/u/azat
https://leanpub.com/thecitizen,,,English,https://leanpub.com/u/venuswicca
https://leanpub.com/zodiacaa,,,English,https://leanpub.com/u/juanmagg
https://leanpub.com/datajournalism,,140,English,https://leanpub.com/u/clairemiller
https://leanpub.com/theseer,,136,English,https://leanpub.com/u/davidrobinson
https://leanpub.com/community,,8,English,https://leanpub.com/u/juliendorra
https://leanpub.com/ErfolgreicheRetrospektiven,,,Sprache: Deutsch,https://leanpub.com/u/judithandresen
https://leanpub.com/senateofblood,,30,English,https://leanpub.com/u/ellanathornton-wheybrew
https://leanpub.com/ensembles,,,English,https://leanpub.com/u/drewmccormack
https://leanpub.com/learnvimscriptthehardway,,588,English,https://leanpub.com/u/stevelosh
https://leanpub.com/leanchange,,328,English,https://leanpub.com/u/jasonlittle
https://leanpub.com/iword-mechanic-design-rule,,2,Chinese,https://leanpub.com/u/iword
https://leanpub.com/wewut,,249,English,https://leanpub.com/u/jayfields
https://leanpub.com/Ruby-on-Rails-The-little-Gem-that-Could,,20,English,https://leanpub.com/u/jamesgifford
https://leanpub.com/Thailand2014,,,English,https://leanpub.com/u/woodegg
https://leanpub.com/tco-your-apple-wi-fi-network,,,English,https://leanpub.com/u/glennfleishman
https://leanpub.com/itsmyLife,,19,English,https://leanpub.com/u/andrecronje
https://leanpub.com/flowandflower,,78,English,https://leanpub.com/u/michellemargaret
https://leanpub.com/sublime-productivity,,1474,English,https://leanpub.com/u/joshearl
https://leanpub.com/niiganab,,,English,https://leanpub.com/u/mildredrholmes
https://leanpub.com/csharpninjatrading,,,English,https://leanpub.com/u/ryanmoore
https://leanpub.com/brokentreesandlosthorizons,,3,English,https://leanpub.com/u/philipespinosa
https://leanpub.com/karyspoeticspirit,,,English,https://leanpub.com/u/karygaul
https://leanpub.com/boatman-bob-and-a-dog-named-popsicle-fun-at-the-fair,,,English,https://leanpub.com/u/eddonov
https://leanpub.com/options,,251,English(Southern Drawl),https://leanpub.com/u/ezl
https://leanpub.com/everydayrailsrspec-jp,,781,言語： 日本語,https://leanpub.com/u/aaronsumner,https://leanpub.com/u/junichiito,https://leanpub.com/u/springaki,https://leanpub.com/u/blueplanet
https://leanpub.com/thestonewoods,,2,English,https://leanpub.com/u/aturqoise
https://leanpub.com/le-guide-ultime-et-zen-de-max-for-live,,98,Langue du livre : français
https://leanpub.com/unconference,,386,English,https://leanpub.com/u/hkniberg
https://leanpub.com/storiesinisrael,,,Chinese,https://leanpub.com/u/doublefang
https://leanpub.com/Max-for-Live-Ultimate-Zen-Guide,,592,English,https://leanpub.com/u/julienbayle
https://leanpub.com/howtodesignfacetedsearch,,239,English,https://leanpub.com/u/abhijitrawool
https://leanpub.com/frozen_clemmons,,,English,https://leanpub.com/u/chelseaclemmons
https://leanpub.com/TechnicallySpeaking,,,English,https://leanpub.com/u/BradWallace
https://leanpub.com/harripetteri,,3,Kirjan kieli: suomalainen,https://leanpub.com/u/rikupekka
https://leanpub.com/jerrysblog,,152,English,https://leanpub.com/u/jerryweinberg
https://leanpub.com/xamarin-ios-app-dev,,70,English,https://leanpub.com/u/dpatra
https://leanpub.com/cqrs,,532,English,https://leanpub.com/u/MarkNijhof
https://leanpub.com/onvalentinesday,,,English(Malaysia),https://leanpub.com/u/dayangnoor
https://leanpub.com/cafepapaye,,6,English,https://leanpub.com/u/isabellmas
https://leanpub.com/ferryetasandgeonogs,,,English,https://leanpub.com/u/jaanatolonen
https://leanpub.com/thequestofthebrokenegg,,3,English,https://leanpub.com/u/lilycruz
https://leanpub.com/obstruction,,10,English,https://leanpub.com/u/mackmacfarlane
https://leanpub.com/RiseoftheChulo,,5,English,https://leanpub.com/u/jamesleenathaniii
https://leanpub.com/startingover,,,English,https://leanpub.com/u/daiguerra
https://leanpub.com/javaForTesters,,1073,English,https://leanpub.com/u/alanrichardson
https://leanpub.com/php,,105,English,https://leanpub.com/u/robaley
https://leanpub.com/MyShopOfSmells,,,הספר כתוב בשפה: עברית,https://leanpub.com/u/ideetsivan
https://leanpub.com/oopinjavascript,,1039,English
https://leanpub.com/dawn,,,English,https://leanpub.com/u/caroline
https://leanpub.com/bloodstains,,2,English,https://leanpub.com/u/docwinters
https://leanpub.com/the-cycle,,,English,https://leanpub.com/u/jenniferaldoretta
https://leanpub.com/The-SharePoint-Governance-Manifesto,,212,English,https://leanpub.com/u/antclay
https://leanpub.com/codebright,,4017,English Español Serbian 日本語 italiana Turkish Português (Brazillian) Русский язык,https://leanpub.com/u/daylerees
https://leanpub.com/aprogrammersdiary,,18,Chinese,https://leanpub.com/u/ohcoder
https://leanpub.com/developing-games-with-ruby,,22,English,https://leanpub.com/u/spajus
https://leanpub.com/holylandkanbanbestof,,293,English,https://leanpub.com/u/yuvalyeret
https://leanpub.com/upgradetorails4,,131,English,https://leanpub.com/u/philipDS
https://leanpub.com/thingsiveseenwhiledreaming,,14,English,https://leanpub.com/u/steveburkhart
https://leanpub.com/shippingsoftware,,3268,English,https://leanpub.com/u/raganwald
https://leanpub.com/welcometotexts,,3,English,https://leanpub.com/u/sheremetyev
https://leanpub.com/15fundamentals,,12,English,https://leanpub.com/u/paulemcmahon
https://leanpub.com/thelastturn,,42,English,https://leanpub.com/u/marcusdegerman
https://leanpub.com/implementinglaravel,,,English 日本語 Turkish Português (Brasileiro) Español,https://leanpub.com/u/fideloper
https://leanpub.com/ModernProgrammingMadeEasy,,30,English,https://leanpub.com/u/adamldavis
https://leanpub.com/wdw_little_kids,,,English,https://leanpub.com/u/joshcrews
https://leanpub.com/SometimesWeRan2,,,English,https://leanpub.com/u/stephendrivick
https://leanpub.com/piratescavern,,26,English,https://leanpub.com/u/mvizdos
https://leanpub.com/yourapiisbad,,585,English,https://leanpub.com/u/paddy
https://leanpub.com/selenium_recipes_java,,,English,https://leanpub.com/u/zhiminzhan
https://leanpub.com/tipsformanualtestersworkinginanagileenvironment,,,English,https://leanpub.com/u/mattarcher
https://leanpub.com/prophecy,,,English,https://leanpub.com/u/jimmurdoch
https://leanpub.com/fromheaventohell,,21,English italiana,https://leanpub.com/u/berylbrennan
https://leanpub.com/Malaysia2014,,,English,https://leanpub.com/u/woodegg
https://leanpub.com/multi-tenancy-rails,,1318,English,https://leanpub.com/u/ryanbigg
https://leanpub.com/Taiwan2014,,,English,https://leanpub.com/u/woodegg
https://leanpub.com/agilepitfalls,,42,Thai,https://leanpub.com/u/varokas
https://leanpub.com/Agile_w_Praktyce,,523,Polish,https://leanpub.com/u/andybrandt
https://leanpub.com/qunit-cookbook-espanol,,48,El idioma del libro: Español,https://leanpub.com/u/devnod
https://leanpub.com/rapid-prototyping-with-js,,1432,English,https://leanpub.com/u/azat
https://leanpub.com/Imkeepingmybaby,,2,English,https://leanpub.com/u/christeenthornton
https://leanpub.com/StoryKeeper,,,English,https://leanpub.com/u/mildredrholmes
https://leanpub.com/seminggubelajarlaravel,,64,Indonesian,https://leanpub.com/u/rahmatawaludin
https://leanpub.com/what-the-defend,,80,English,https://leanpub.com/u/whattheflop
https://leanpub.com/alevelbio,,37,English,https://leanpub.com/u/burtn
https://leanpub.com/homophobicbullying,,,English(British English)
https://leanpub.com/lavenutadeglidei,,4,Lingua del libro: italiana,https://leanpub.com/u/manuelavalente
https://leanpub.com/asfierceaflame,,,English,https://leanpub.com/u/loriferens
https://leanpub.com/grumpy-phpunit,,868,English italiana,https://leanpub.com/u/chartjes
https://leanpub.com/thismuch,,37,English,https://leanpub.com/u/peteashton
https://leanpub.com/computingstyle,,,English,https://leanpub.com/u/dds
https://leanpub.com/thejourneyman,,,English(American English),https://leanpub.com/u/gorzek
https://leanpub.com/asesino,,3,El idioma del libro: Español,https://leanpub.com/u/diegoresendez
https://leanpub.com/laravel-pt-br,,,Idioma do Livro: Português(Brasileiro),https://leanpub.com/u/taylorotwell,https://leanpub.com/u/pedroborg_es
https://leanpub.com/India2014,,,English,https://leanpub.com/u/woodegg
https://leanpub.com/phonegapbuild,,1402,English,https://leanpub.com/u/justmyfreak
https://leanpub.com/xanpan,,110,English,https://leanpub.com/u/anonymous2BypmyCJHE3v-RIRGcRrgT
https://leanpub.com/Experiential,,340,English,https://leanpub.com/u/jerryweinberg
https://leanpub.com/Philippines2014,,,English,https://leanpub.com/u/woodegg
https://leanpub.com/codebright-it,,80,Lingua del libro: italiana,https://leanpub.com/u/daylerees,https://leanpub.com/u/hellofrancesco,https://leanpub.com/u/alaguna
https://leanpub.com/breves-sinsentidos,,3,El idioma del libro: Español,https://leanpub.com/u/txus
https://leanpub.com/legacyoflove,,,English,https://leanpub.com/u/alegacyoflove,https://leanpub.com/u/poeticbuttafly
https://leanpub.com/swimmingwithasiansharks,,,English,https://leanpub.com/u/dannyhui
https://leanpub.com/frontend,,280,English,https://leanpub.com/u/msurguy
https://leanpub.com/tikhon,,,English,https://leanpub.com/u/ubiquitousrat
https://leanpub.com/episerver-7-cms-development,,432,English,https://leanpub.com/u/joelabrahamsson
https://leanpub.com/laravel4cookbook-es,,33,El idioma del libro: Español(España)
https://leanpub.com/a-drip-of-javascript-book,,77,English,https://leanpub.com/u/joshuaclanton
https://leanpub.com/discipleshipstory,,,English,https://leanpub.com/u/mitchmartin
https://leanpub.com/DragonWarriors,,6,English,https://leanpub.com/u/jamesleenathaniii
https://leanpub.com/societalrenaissance,,50,English,https://leanpub.com/u/lionelbisschoff
https://leanpub.com/PkFlowNutshell,,384,English,https://leanpub.com/u/Jurgen,https://leanpub.com/u/talboomerik
https://leanpub.com/servantofdracula,,,English,https://leanpub.com/u/beverhart
https://leanpub.com/zendframework2-en,,1007,English,https://leanpub.com/u/michaelromer
https://leanpub.com/templo,,,El idioma del libro: Español,https://leanpub.com/u/juanmanuelferrera
https://leanpub.com/balancebasics,,25,English,https://leanpub.com/u/neilkeleher
https://leanpub.com/hands-on-nodejs,,14209,English,https://leanpub.com/u/pgte
https://leanpub.com/ElectricFertilizerBook,,,English,https://leanpub.com/u/DavidWechsler
https://leanpub.com/introlenguajesweb,,,El idioma del libro: Español,https://leanpub.com/u/jgabardini,https://leanpub.com/u/msalias
https://leanpub.com/tb-estory,,30,English,https://leanpub.com/u/tetradian
https://leanpub.com/pillipulli,,,Sprache: Deutsch,https://leanpub.com/u/scrumphony
https://leanpub.com/freelancedeveloperbook,,799,English,https://leanpub.com/u/stevejalim
https://leanpub.com/mist,,,English,https://leanpub.com/u/caroline
https://leanpub.com/anovelist,,3,English(British English)
https://leanpub.com/rebuildinglaravel,,161,English,https://leanpub.com/u/assertchris
https://leanpub.com/thepsychologyofsoftwaretesting,,27,English,https://leanpub.com/u/john_stevenson
https://leanpub.com/nlc_beyondblueridge,,,English,https://leanpub.com/u/amypreed
https://leanpub.com/nichepick,,,English,https://leanpub.com/u/taphangum
https://leanpub.com/theneophytesguidetoscala,,1496,English,https://leanpub.com/u/danielwestheide
https://leanpub.com/l4,,6556,English,https://leanpub.com/u/darkness
https://leanpub.com/fp-oo,,3657,English,https://leanpub.com/u/marick
https://leanpub.com/sun-tzu-the-art-of-war,,,English,https://leanpub.com/u/jeffmcneill
https://leanpub.com/TIC,,4,English,https://leanpub.com/u/zaper
https://leanpub.com/stgilescookbook,,,English,https://leanpub.com/u/stgilespreschool
https://leanpub.com/The_Private_Production_of_Defense_Chinese_Version,,,Chinese,https://leanpub.com/u/raviwu
https://leanpub.com/misplacedgeek,,,English,https://leanpub.com/u/matthewdedwards
https://leanpub.com/build,,314,English
https://leanpub.com/aboutbloodytime,,,English,https://leanpub.com/u/simonejenner
https://leanpub.com/a3problemsolving,,293,English,https://leanpub.com/u/JamieFlinchbaugh
https://leanpub.com/diygardenoffice,,450,English,https://leanpub.com/u/oddjones
https://leanpub.com/WorkingWithLegacySystems,,464,English,https://leanpub.com/u/robertannett
https://leanpub.com/thezenprogrammer,,225,English,https://leanpub.com/u/grobmeier
https://leanpub.com/fiverules,,114,English,https://leanpub.com/u/willemlarsen,https://leanpub.com/u/dianalarsen
https://leanpub.com/fifthgrademath,,,English,https://leanpub.com/u/richardbwalker
https://leanpub.com/stnca_loveis,,4,English,https://leanpub.com/u/faysebastian
https://leanpub.com/howtochangetheworldswedish,,38,Språk: Swedish,https://leanpub.com/u/miboman
https://leanpub.com/skinrashes,,,English,https://leanpub.com/u/diabeticwoundssalve
https://leanpub.com/genesis-study-guide,,3,English,https://leanpub.com/u/joeswann
https://leanpub.com/howtobefree,,109,English,https://leanpub.com/u/michellemargaret
https://leanpub.com/missionnext,,,English,https://leanpub.com/u/aronsolomon
https://leanpub.com/critical-chain-self-learn-kit-de,,,Sprache: Deutsch,https://leanpub.com/u/wolfram-mueller,https://leanpub.com/u/silvan-kurras
https://leanpub.com/theleanenterprise,,,English,https://leanpub.com/u/owenstrevor,https://leanpub.com/u/obie
https://leanpub.com/brainhackbook,,,English,https://leanpub.com/u/martinlissmats
https://leanpub.com/programmieren-lernen-mit-javascript,,2,Sprache: Deutsch,https://leanpub.com/u/olav
https://leanpub.com/moresecrets,,2,English,https://leanpub.com/u/jerryweinberg
https://leanpub.com/selenium-recipes-in-csharp,,,English,https://leanpub.com/u/zhiminzhan
https://leanpub.com/IA-pg,,,English,https://leanpub.com/u/anonymous2Fq9U-_C5CGQ6AmsZ9BLD-
https://leanpub.com/lancesfirstchapter,,24,English,https://leanpub.com/u/Dlexis
https://leanpub.com/WhatDrivesQuality,,,English,https://leanpub.com/u/benlinders
https://leanpub.com/lyceum,,,English,https://leanpub.com/u/ubiquitousrat
https://leanpub.com/chanceslasthumanity,,15,English,https://leanpub.com/u/tgarris
https://leanpub.com/hackerways,,,English,https://leanpub.com/u/juanre
https://leanpub.com/Samycreek,,2,Lingua del libro: italiana,https://leanpub.com/u/demetriobattaglia
https://leanpub.com/fromtheabyss,,,English,https://leanpub.com/u/raynethomas
https://leanpub.com/writing-sublime-plugins,,303,English,https://leanpub.com/u/joshearl
https://leanpub.com/maroka,,15,Latvian,https://leanpub.com/u/normis
https://leanpub.com/makingtheshrimp,,55,English,https://leanpub.com/u/romilly
https://leanpub.com/referencia-electrocardiografia,,,El idioma del libro: Español,https://leanpub.com/u/rbchv
https://leanpub.com/gettingvalueoutofagileretrospectives_NL,,,Taal van het boek: Nederlands,https://leanpub.com/u/lmsgoncalves,https://leanpub.com/u/benlinders
https://leanpub.com/purgatoire,,6,Langue du livre : français,https://leanpub.com/u/sucredecendres
https://leanpub.com/meditating-marines,,,English,https://leanpub.com/u/jimkitzmiller
https://leanpub.com/the-inner-goddess,,3,English,https://leanpub.com/u/rosapjli
https://leanpub.com/itext_pdfabc,,8732,English,https://leanpub.com/u/itextsoftware
https://leanpub.com/codebright-es,,179,El idioma del libro: Español,https://leanpub.com/u/daylerees,https://leanpub.com/u/alaguna
https://leanpub.com/eldritchfairytales,,44,English,https://leanpub.com/u/garycxjk
https://leanpub.com/Solving_business_decision_problems,,,English,https://leanpub.com/u/stephenpeplow
https://leanpub.com/GoNotebook,,181,English,https://leanpub.com/u/feyeleanor
https://leanpub.com/ansible-for-aws,,26,English,https://leanpub.com/u/yankurniawan
https://leanpub.com/plaidmanual,,,English,https://leanpub.com/u/dronte,https://leanpub.com/u/Level
https://leanpub.com/recipes-with-angular-js,,1109,English,https://leanpub.com/u/fdietz
https://leanpub.com/wikisforenterprises,,,English,https://leanpub.com/u/floriankromer
https://leanpub.com/noiseofcreation,,84,English,https://leanpub.com/u/joelalexander
https://leanpub.com/problemywagile,,397,Polish,https://leanpub.com/u/streser
https://leanpub.com/html5shootemupinanafternoon,,,English,https://leanpub.com/u/bryanbibat
https://leanpub.com/leaflet-tips-and-tricks,,1823,English,https://leanpub.com/u/d3noob
https://leanpub.com/guiarapidofirefoxos,,3026,Idioma do Livro: Português English,https://leanpub.com/u/andregarzia
https://leanpub.com/20things,,1112,English,https://leanpub.com/u/dubber
https://leanpub.com/thebridge,,,English,https://leanpub.com/u/daveking
https://leanpub.com/8000holes,,158,English,https://leanpub.com/u/paulbradshaw,https://leanpub.com/u/carolmiers
https://leanpub.com/tspa_jumpstart,,74,English,https://leanpub.com/u/jankrutisch
https://leanpub.com/nways,,57,English,https://leanpub.com/u/lornajane,https://leanpub.com/u/ijansch
https://leanpub.com/trellodojo,,389,English,https://leanpub.com/u/danielroot
https://leanpub.com/prepare-produce-publish,,,English,https://leanpub.com/u/derickbailey
https://leanpub.com/aurav2,,8,English,https://leanpub.com/u/harikt,https://leanpub.com/u/pmjones
https://leanpub.com/kaukamoinen,,,Kirjan kieli: suomalainen,https://leanpub.com/u/fargoer
https://leanpub.com/Cult-Of-PHP,,41,English,https://leanpub.com/u/harshjv
https://leanpub.com/network-diagrams-with-visio,,287,English,https://leanpub.com/u/EtherealMind
https://leanpub.com/thewaraftertimearrival,,,English,https://leanpub.com/u/smickeyd43
https://leanpub.com/shako,,109,言語： 日本語,https://leanpub.com/u/janusz
https://leanpub.com/paradise,,11,English,https://leanpub.com/u/jwmberkowitz
https://leanpub.com/steppinginpuddlesaintsobad,,,English,https://leanpub.com/u/paulbranski
https://leanpub.com/ohmyjs,,1022,English,https://leanpub.com/u/azat
https://leanpub.com/omnithreadlibrary,,365,English Русский язык Español,https://leanpub.com/u/gabr42
https://leanpub.com/ios7daybyday,,1193,English,https://leanpub.com/u/sammyd
https://leanpub.com/leprechauns,,1583,English,https://leanpub.com/u/laurentbossavit
https://leanpub.com/the_spirit_tracker,,4,English,https://leanpub.com/u/normpratt
https://leanpub.com/lessofmehcg,,3,English,https://leanpub.com/u/lessofmehcg
https://leanpub.com/unrequited,,,English,https://leanpub.com/u/elleclouse
https://leanpub.com/hepc,,58,English(English (US)),https://leanpub.com/u/giris
https://leanpub.com/97-Things-Every-Programmer-Should-Know-Extended,,3584,English,https://leanpub.com/u/shirish4you
https://leanpub.com/codingdojohandbook,,664,English(British English),https://leanpub.com/u/emilybache
https://leanpub.com/starlight,,,English,https://leanpub.com/u/kathyonu
https://leanpub.com/Heribone,,2,Lingua del libro: italiana,https://leanpub.com/u/demetriobattaglia
https://leanpub.com/Apocalypse,,12,English,https://leanpub.com/u/andrecronje
https://leanpub.com/codebright-ptbr,,149,Idioma do Livro: Português(Brazillian),https://leanpub.com/u/daylerees,https://leanpub.com/u/luisdalmolin,https://leanpub.com/u/alaguna
https://leanpub.com/responsive-email-design,,8,言語： 日本語,https://leanpub.com/u/anonymous1SIumixSn8xPeECypR25fQ
https://leanpub.com/awarstory,,,English(Free Verse Poetry),https://leanpub.com/u/derrikbulmer3Lmv1jV4T3TvEuHYGSacGr
https://leanpub.com/theagileagency,,780,English,https://leanpub.com/u/bartvermijlen
https://leanpub.com/nightbladedawnofdiscovery,,,English,https://leanpub.com/u/kylemperkins
https://leanpub.com/themadgod,,7,English,https://leanpub.com/u/skylarwolphe
https://leanpub.com/Kindergarten,,,English,https://leanpub.com/u/mesnard
https://leanpub.com/ArchesUserGuide,,175,English,https://leanpub.com/u/arches
https://leanpub.com/startabusinessintaiwan,,71,English,https://leanpub.com/u/eliasek
https://leanpub.com/anniversaries-2014,,36,English,https://leanpub.com/u/rg
https://leanpub.com/tco-automating-your-mac,,2,English,https://leanpub.com/u/joekissell
https://leanpub.com/funretrospectives,,879,English,https://leanpub.com/u/tainacaetano,https://leanpub.com/u/paulocaroli
https://leanpub.com/entarch,,1007,English,https://leanpub.com/u/peterdoomen
https://leanpub.com/appropriatebehaviour,,361,English,https://leanpub.com/u/graham1
https://leanpub.com/adventuresofabiggirlinaflatcity,,16,Язык книги Русский язык(Russian),https://leanpub.com/u/yulich1978
https://leanpub.com/Improve_your_security,,496,English,https://leanpub.com/u/sorinmustaca
https://leanpub.com/power_lines,,,English,https://leanpub.com/u/caracabe
https://leanpub.com/China2014,,,English,https://leanpub.com/u/woodegg
https://leanpub.com/jolshishura,,,Bengali,https://leanpub.com/u/suhreed
https://leanpub.com/laravel4documentation,,1181,English,https://leanpub.com/u/fsalehpour
https://leanpub.com/scalingphp,,57,English,https://leanpub.com/u/stevecorona
https://leanpub.com/coffeescript,,2710,El idioma del libro: Español,https://leanpub.com/u/soyjavi
https://leanpub.com/marionette-gentle-introduction,,2416,English,https://leanpub.com/u/davidsulc
https://leanpub.com/gaiafromabove,,49,English,https://leanpub.com/u/huchengtw,https://leanpub.com/u/stevechung,https://leanpub.com/u/pychen,https://leanpub.com/u/yurenju,https://leanpub.com/u/crh0716,https://leanpub.com/u/anonymous1KDfeNwqLBORxzWNQBkiRp,https://leanpub.com/u/dwi2,https://leanpub.com/u/eragonj,https://leanpub.com/u/evanxd,https://leanpub.com/u/lukechang,https://leanpub.com/u/snowmantw
https://leanpub.com/lekcje,,29,Polish,https://leanpub.com/u/marekkowalczyk
https://leanpub.com/understandinges6,,100,English,https://leanpub.com/u/nzakas
https://leanpub.com/NextPracticeEA,,34,English,https://leanpub.com/u/richardveryard
https://leanpub.com/gettingvalueoutofagileretrospectives_ES,,,El idioma del libro: Español,https://leanpub.com/u/lmsgoncalves,https://leanpub.com/u/benlinders
https://leanpub.com/zomopolis,,,English,https://leanpub.com/u/rghart
https://leanpub.com/ryphna_s_notebook,,4,English,https://leanpub.com/u/ryphna
https://leanpub.com/focusintegral,,,El idioma del libro: Español,https://leanpub.com/u/juanmanuelferrera
https://leanpub.com/rareorchid,,5,English,https://leanpub.com/u/heatherhpogson
https://leanpub.com/switchplus-wp,,,Sprache: Deutsch
https://leanpub.com/cpp_for_dinosaurs,,17,English,https://leanpub.com/u/nickeconomidis
https://leanpub.com/PropheticPoetry,,7,English,https://leanpub.com/u/andrecronje
https://leanpub.com/deadlyalliancethegearsofwar,,,English,https://leanpub.com/u/dragonsnake9989
https://leanpub.com/marionetteexpose,,1663,English,https://leanpub.com/u/xjackk
https://leanpub.com/ThePolarBearer,,,הספר כתוב בשפה: עברית,https://leanpub.com/u/ideetsivan,https://leanpub.com/u/guysivan
https://leanpub.com/blissercise,,,English,https://leanpub.com/u/jimkitzmiller
https://leanpub.com/shieldingadyinglight,,2,English,https://leanpub.com/u/zanedickens
https://leanpub.com/gsd-laravel-tr,,3,Dil: Turkish,https://leanpub.com/u/chuckheintzelman,https://leanpub.com/u/sineld
https://leanpub.com/ilvascellodeldiavolo,,5,Lingua del libro: italiana,https://leanpub.com/u/alessandrapoma
https://leanpub.com/nysfederations,,,English,https://leanpub.com/u/donaldrnoyes
https://leanpub.com/changeartistry,,87,English,https://leanpub.com/u/estherderby,https://leanpub.com/u/jerryweinberg,https://leanpub.com/u/johannarothman,https://leanpub.com/u/dongray
https://leanpub.com/laravel-testing-decoded,,2166,English 日本語 italiana magyar,https://leanpub.com/u/jeffreyway
https://leanpub.com/ladyandthehawk,,2,English,https://leanpub.com/u/iskiea
https://leanpub.com/globalmoves,,74,English,https://leanpub.com/u/caitlinmcdonald
https://leanpub.com/tonalli,,,El idioma del libro: Español,https://leanpub.com/u/villafuerte
https://leanpub.com/leanchangemethod,,368,English,https://leanpub.com/u/thomasjeffreyandersontwin
https://leanpub.com/thequietinspector,,7,English,https://leanpub.com/u/jonguenther
https://leanpub.com/patternsinc,,421,English,https://leanpub.com/u/adamtornhill
https://leanpub.com/invisibledisability,,6,English,https://leanpub.com/u/mayatrimner
https://leanpub.com/Mongolia2014,,,English,https://leanpub.com/u/woodegg
https://leanpub.com/codingindelphi,,170,English,https://leanpub.com/u/nickhodges
https://leanpub.com/riskofskin,,,English,https://leanpub.com/u/davidpollard
https://leanpub.com/ArchesInstallationGuide,,122,English,https://leanpub.com/u/arches
https://leanpub.com/introduccionalean,,43,El idioma del libro: Español,https://leanpub.com/u/josemiguelvivesmartinez
https://leanpub.com/fruitsofthespirit,,,English,https://leanpub.com/u/peterb
https://leanpub.com/settingupscientificpythonformacosx,,6,English,https://leanpub.com/u/gnperdue
https://leanpub.com/theknowledgeeconomy,,7,English,https://leanpub.com/u/kimparker
https://leanpub.com/typedphp,,,English,https://leanpub.com/u/assertchris
https://leanpub.com/emberjs-testingonrails,,,English,https://leanpub.com/u/anonymous2RpN87EE1BJw_Ul8CE0SeF
https://leanpub.com/watirways,,556,English,https://leanpub.com/u/jko
https://leanpub.com/developer_testing,,114,English,https://leanpub.com/u/alexandertarnowski
https://leanpub.com/CarnalConspiracy,,,English,https://leanpub.com/u/jamesleenathaniii
https://leanpub.com/ilestmort,,,Langue du livre : français,https://leanpub.com/u/sucredecendres
https://leanpub.com/thelightofthedragons,,2,English,https://leanpub.com/u/brynncharity
https://leanpub.com/batir-des-api-que-vous-aimerez,,,Langue du livre : français,https://leanpub.com/u/philsturgeon,https://leanpub.com/u/miclf
https://leanpub.com/writingwithscrivenerandleanpub,,33,English,https://leanpub.com/u/philipespinosa
https://leanpub.com/dream-rails-job,,,Chinese,https://leanpub.com/u/xdite
https://leanpub.com/wish,,,English,https://leanpub.com/u/dubber
https://leanpub.com/horse,,,English,https://leanpub.com/u/daveking
https://leanpub.com/darkroomretreat,,12,English,https://leanpub.com/u/andrewed
https://leanpub.com/android44appdevelopmentessentials,,28,English,https://leanpub.com/u/ebookfrenzy
https://leanpub.com/nodebeginner,,14631,English,https://leanpub.com/u/manuelkiessling
https://leanpub.com/kenwoodkitchenappliances,,,English,https://leanpub.com/u/russellhobbstoasters
https://leanpub.com/gettingvalueoutofagileretrospectives,,1257,English Nederlands Español,https://leanpub.com/u/lmsgoncalves,https://leanpub.com/u/benlinders
https://leanpub.com/fourladsopairts,,,English(Scots),https://leanpub.com/u/kincardinehistorygroup
https://leanpub.com/CollaborationGamesToolbox,,1086,English Español Русский язык,https://leanpub.com/u/karengreaves,https://leanpub.com/u/samanthalaing
https://leanpub.com/the-6rules-to-design-the-best-user-interfaces,,916,English,https://leanpub.com/u/julienbayle
https://leanpub.com/automation-and-monitoring-with-hubot,,66,English,https://leanpub.com/u/spajus
https://leanpub.com/Practicing-DDD,,2855,English,https://leanpub.com/u/scott7
https://leanpub.com/what-the-float,,91,English,https://leanpub.com/u/whattheflop
https://leanpub.com/lean,,610,English,https://leanpub.com/u/peter
https://leanpub.com/dubber-br,,,Idioma do Livro: Português,https://leanpub.com/u/dubber
https://leanpub.com/heronfable,,,English,https://leanpub.com/u/leemcintyre
https://leanpub.com/wealth-fundamentals,,239,English,https://leanpub.com/u/adrianharabula
https://leanpub.com/laravel4cookbook,,992,English Português (Brasileiro) 日本語 Español (España) italiana Turkish,https://leanpub.com/u/assertchris,https://leanpub.com/u/taylorotwell
https://leanpub.com/twilightstrategy,,3929,English,https://leanpub.com/u/theory
https://leanpub.com/Its_a_Jetsons_World_Chinese_Version,,,Chinese,https://leanpub.com/u/raviwu
https://leanpub.com/Brast,,2,Lingua del libro: italiana,https://leanpub.com/u/demetriobattaglia
https://leanpub.com/tb-mapping,,63,English,https://leanpub.com/u/tetradian
https://leanpub.com/TheOrderofLight,,2,English,https://leanpub.com/u/djamespawson
https://leanpub.com/marionette-serious-progression,,279,English,https://leanpub.com/u/davidsulc
https://leanpub.com/butterflies_and_sand,,9,English,https://leanpub.com/u/scribe
https://leanpub.com/meteortutorial,,210,English,https://leanpub.com/u/davidturnbull
https://leanpub.com/codebright-ru,,,Язык книги Русский язык,https://leanpub.com/u/daylerees,https://leanpub.com/u/cartoshka,https://leanpub.com/u/alaguna
https://leanpub.com/shakespeare,,,English,https://leanpub.com/u/rosbarber
https://leanpub.com/theidentityproject_theatlantichalf,,,English,https://leanpub.com/u/leonardepp
https://leanpub.com/laravel4cookbook-jp,,104,言語： 日本語,https://leanpub.com/u/assertchris,https://leanpub.com/u/taylorotwell,https://leanpub.com/u/hirokws
https://leanpub.com/toristemple,,,English,https://leanpub.com/u/beverhart
https://leanpub.com/ted_heads_up,,,English,https://leanpub.com/u/anonymous0p5TqVkPP1i9Hvy9VX6yx-
https://leanpub.com/unicorns,,,English,https://leanpub.com/u/fjfish
https://leanpub.com/lean-bites,,,English,https://leanpub.com/u/mmarschall,https://leanpub.com/u/danackerson
https://leanpub.com/livro-angularJS,,639,Idioma do Livro: Português,https://leanpub.com/u/danielschmitz,https://leanpub.com/u/douglaslira
https://leanpub.com/sapphireandsage,,14,English,https://leanpub.com/u/kayleighgrian
https://leanpub.com/seleniumideforstarter,,10,Thai,https://leanpub.com/u/platoosom
https://leanpub.com/sports,,15,English,https://leanpub.com/u/markgraban
https://leanpub.com/real-legal-normal,,46,Idioma do Livro: Português(Português do Brasil),https://leanpub.com/u/danielwildt
https://leanpub.com/everydayrailsrspec,,4131,English Chinese 日本語,https://leanpub.com/u/aaronsumner
https://leanpub.com/unitedfront,,5,English,https://leanpub.com/u/crisses
https://leanpub.com/iltalismanodelladriade,,2,Lingua del libro: italiana,https://leanpub.com/u/demetriobattaglia
https://leanpub.com/realsmartmachines,,15,English,https://leanpub.com/u/fergalbyrne
https://leanpub.com/Humeurs_Tunisiennes,,,Langue du livre : français,https://leanpub.com/u/didierlebouc3zNhP7WWr7PurZ_3XszIcS
https://leanpub.com/andrewchen,,1223,English,https://leanpub.com/u/andrewchen
https://leanpub.com/beatingviolence,,,English,https://leanpub.com/u/jamesshaw
https://leanpub.com/ReleasePlanning,,67,English,https://leanpub.com/u/samanthalaing,https://leanpub.com/u/karengreaves
https://leanpub.com/watirbook,,7496,English,https://leanpub.com/u/zeljkofilipin
https://leanpub.com/laravel3xdocs,,3,English,https://leanpub.com/u/mnishihan
https://leanpub.com/restful-api-design,,281,English,https://leanpub.com/u/caseysoftware,https://leanpub.com/u/jameshigginbotham
https://leanpub.com/coloradospringscoloradocsaguide,,,English,https://leanpub.com/u/coloradocsas
https://leanpub.com/sistagirlz-book-1-livin-just-enough-WHDFHL,,,English,https://leanpub.com/u/leamishell,https://leanpub.com/u/mrsreed
https://leanpub.com/tr4w,,2231,English,https://leanpub.com/u/obie,https://leanpub.com/u/kfaustino,https://leanpub.com/u/vitalykushner
https://leanpub.com/SriLanka2014,,,English
https://leanpub.com/tcoc,,59,English
https://leanpub.com/understandingrequirements,,,English,https://leanpub.com/u/anonymous0aUL9XrA5ERArJSQpoAF3u
https://leanpub.com/dataflowbook,,554,English,https://leanpub.com/u/mattcarkci
https://leanpub.com/cangjiedictionary,,,Chinese,https://leanpub.com/u/neilkeleher
https://leanpub.com/tco-podcasting-on-the-mac,,,English,https://leanpub.com/u/andyaffleck
https://leanpub.com/angularails,,137,English,https://leanpub.com/u/jonathanbirkholz,https://leanpub.com/u/jwo
https://leanpub.com/largescalesystems,,,English,https://leanpub.com/u/karangarewal21njjAk3n9tPQBQJKk46Rc
https://leanpub.com/SuccessMan,,29,English,https://leanpub.com/u/andrecronje
https://leanpub.com/cucumber_and_cheese,,836,English,https://leanpub.com/u/cheezy
https://leanpub.com/poeticbuttaflyexpressions,,17,English,https://leanpub.com/u/poeticbuttafly
https://leanpub.com/Nina2,,,English,https://leanpub.com/u/ddembe
https://leanpub.com/divergentstreams,,1791,English,https://leanpub.com/u/kylebylin
https://leanpub.com/emotionalmastery,,,English,https://leanpub.com/u/linhpham
https://leanpub.com/makingmoneyonlinefromhome,,,English,https://leanpub.com/u/paulmason
https://leanpub.com/zend-framework2-na-pratica,,32,Idioma do Livro: Português,https://leanpub.com/u/eminetto
https://leanpub.com/lispweb,,814,English,https://leanpub.com/u/adamtornhill
https://leanpub.com/selenium_recipes,,,English,https://leanpub.com/u/zhiminzhan
https://leanpub.com/manageyourjobsearch,,429,English,https://leanpub.com/u/johannarothman
https://leanpub.com/buildingphoneapplications,,,English,https://leanpub.com/u/vincedasta
https://leanpub.com/nonlinear,,,English,https://leanpub.com/u/jimkitzmiller
https://leanpub.com/searchingforlove,,6,English,https://leanpub.com/u/stephanieawbradley
https://leanpub.com/Ofertasycontratacionscrum,,52,El idioma del libro: Español,https://leanpub.com/u/anonymous2DNBhHQPr59f6Zh8TOkWI1
https://leanpub.com/joesagilereleaseplanning,,257,English,https://leanpub.com/u/josephlittle
https://leanpub.com/rebellion,,,English,https://leanpub.com/u/paulcamper
https://leanpub.com/kanbanforskeptics,,2296,English,https://leanpub.com/u/nickoostvogels
https://leanpub.com/gettingstartedhtml,,,English,https://leanpub.com/u/andybell
https://leanpub.com/triumphalaccounts,,,English,https://leanpub.com/u/anonymous0ZUsgo78P6Px0xy5NRMz1e
https://leanpub.com/neverservecoldcoffee,,,English,https://leanpub.com/u/mrlockyer
https://leanpub.com/thebeastsoftheearth,,,English,https://leanpub.com/u/blacksword
https://leanpub.com/What_Must_Be_Done_Chinese_Version,,,Chinese,https://leanpub.com/u/raviwu
https://leanpub.com/VimLikeAPro,,814,English,https://leanpub.com/u/tottinge
https://leanpub.com/yogabasics,,,English,https://leanpub.com/u/neilkeleher
https://leanpub.com/deploying_rails_applications-cn,,93,Chinese,https://leanpub.com/u/talkingquickly,https://leanpub.com/u/andor_chen
https://leanpub.com/markdown,,,English,https://leanpub.com/u/timsteinbach
https://leanpub.com/dealwithit,,453,English,https://leanpub.com/u/gavd
https://leanpub.com/codebright-jp,,47,言語： 日本語,https://leanpub.com/u/daylerees,https://leanpub.com/u/hirokws,https://leanpub.com/u/alaguna
https://leanpub.com/Myanmar2014,,,English,https://leanpub.com/u/woodegg
https://leanpub.com/socra,,476,English,https://leanpub.com/u/sandromancuso
https://leanpub.com/findingkingdavid,,,English
https://leanpub.com/lisphackers,,5909,English,https://leanpub.com/u/vseloved
https://leanpub.com/chessbegins,,23,English,https://leanpub.com/u/rossward
https://leanpub.com/perfectsoftware,,2,English,https://leanpub.com/u/jerryweinberg
https://leanpub.com/remainingrelevant,,,English,https://leanpub.com/u/roblambert121
https://leanpub.com/Japan2014,,,English,https://leanpub.com/u/woodegg
https://leanpub.com/Practical_AngularJS,,2020,English,https://leanpub.com/u/diniscruz
https://leanpub.com/uncensored,,585,English,https://leanpub.com/u/hunterwalk,https://leanpub.com/u/ericries
https://leanpub.com/metamorphosesoftitus,,,English,https://leanpub.com/u/davidpollard
https://leanpub.com/FaithgivesmeHope,,14,English,https://leanpub.com/u/andrecronje
https://leanpub.com/littleorangeubuntubook,,1580,English,https://leanpub.com/u/jamesgifford
https://leanpub.com/fotozoektocht,,45,Taal van het boek: Nederlands,https://leanpub.com/u/peterdoomen
https://leanpub.com/dinet,,82,Chinese(Traditional Chinese),https://leanpub.com/u/michaeltsai
https://leanpub.com/TrainingScrum,,203,English,https://leanpub.com/u/karengreaves,https://leanpub.com/u/samanthalaing
https://leanpub.com/crea-api-che-non-odierai,,,Lingua del libro: italiana,https://leanpub.com/u/philsturgeon,https://leanpub.com/u/damianoventurin
https://leanpub.com/incongruenter,,,English,https://leanpub.com/u/author
https://leanpub.com/emberjsguides,,271,English,https://leanpub.com/u/jahlom
https://leanpub.com/twinspiratie,,161,Taal van het boek: Nederlands,https://leanpub.com/u/twinspiratie
https://leanpub.com/excitingwebpages,,3,English,https://leanpub.com/u/mdavis
https://leanpub.com/laravel_in_pratica,,,Lingua del libro: italiana,https://leanpub.com/u/francescolettera
https://leanpub.com/Cambodia2014,,,English,https://leanpub.com/u/woodegg
https://leanpub.com/movingtohk,,5,English,https://leanpub.com/u/samatkinson
https://leanpub.com/freebsd10,,26,Sprache: Deutsch,https://leanpub.com/u/BenediktNiessen
https://leanpub.com/javascriptnosql,,99,English,https://leanpub.com/u/piyasde3eO0_mqkHBkv4Jfa8vBAy1
https://leanpub.com/EducationalExperience,,,English,https://leanpub.com/u/cynthiadagnal-myron
https://leanpub.com/game-development-design,,68,English,https://leanpub.com/u/tank
https://leanpub.com/php101crash-course,,7,English,https://leanpub.com/u/joshharington
https://leanpub.com/cancelled,,6,English,https://leanpub.com/u/cathievr
https://leanpub.com/playframeworknapratica,,54,Idioma do Livro: Português,https://leanpub.com/u/albertosouza
https://leanpub.com/denvercoloradocsaguide,,12,English,https://leanpub.com/u/coloradocsas
https://leanpub.com/newworld,,2,English,https://leanpub.com/u/earlgrey
https://leanpub.com/iossqlite,,2,English,https://leanpub.com/u/kevlangdo
https://leanpub.com/basicofsketch-ja,,6,言語： 日本語,https://leanpub.com/u/auieauieauieauie
https://leanpub.com/Genetics,,,English,https://leanpub.com/u/mesnard
https://leanpub.com/growing-rails,,453,English,https://leanpub.com/u/henning-koch,https://leanpub.com/u/thomas-eisenbarth
https://leanpub.com/backbonetutorials,,24325,English,https://leanpub.com/u/thomasdavis
https://leanpub.com/Practical_Jni4Net,,42,English,https://leanpub.com/u/diniscruz
https://leanpub.com/changesingenesis20,,183,English(British English),https://leanpub.com/u/garyjones
https://leanpub.com/handbookoftechnicalreviewsfourthedition,,5,English,https://leanpub.com/u/jerryweinberg
https://leanpub.com/tpldataflowbyexample,,255,English,https://leanpub.com/u/mattcarkci
https://leanpub.com/expectedvalue,,8,English
https://leanpub.com/blessed,,,English,https://leanpub.com/u/slamet
https://leanpub.com/b2webapp,,,Idioma do Livro: Português,https://leanpub.com/u/marciogalli
https://leanpub.com/littlemimiseries,,,English,https://leanpub.com/u/frankydotid
https://leanpub.com/your-first-ios-app,,481,English,https://leanpub.com/u/theashfurrow
https://leanpub.com/StartupSacrilege,,,English,https://leanpub.com/u/porlando
https://leanpub.com/desenvolvendo-apis,,,Idioma do Livro: Português(Brasileiro),https://leanpub.com/u/philsturgeon,https://leanpub.com/u/pedroborg_es
https://leanpub.com/remingtonmensshavers,,,English,https://leanpub.com/u/russellhobbstoasters
https://leanpub.com/50quickideas,,3931,English,https://leanpub.com/u/gojko
https://leanpub.com/coffeescript-ristretto,,1029,English,https://leanpub.com/u/raganwald
https://leanpub.com/bannedbooksweek,,,English(Essay),https://leanpub.com/u/derrikbulmer3Lmv1jV4T3TvEuHYGSacGr
https://leanpub.com/phantasy,,,English,https://leanpub.com/u/marlowesr
https://leanpub.com/flimflamman,,,English,https://leanpub.com/u/montypelerin
https://leanpub.com/bedbound,,,English Galician,https://leanpub.com/u/davidpollard
https://leanpub.com/wrinklefree,,,English,https://leanpub.com/u/matthiasak
https://leanpub.com/TheManInTheCistern,,,English,https://leanpub.com/u/anonymous0ZUsgo78P6Px0xy5NRMz1e
https://leanpub.com/naf,,2,English
https://leanpub.com/antifragilesoftware,,231,English,https://leanpub.com/u/russmiles
https://leanpub.com/jq11,,,Taal van het boek: Nederlands,https://leanpub.com/u/patrickverhaert
https://leanpub.com/gemstonesriseofthereluctant,,,English,https://leanpub.com/u/kaylagreen
https://leanpub.com/software-architecture-for-developers,,4388,English,https://leanpub.com/u/simonbrown
https://leanpub.com/leanselfexercisebook,,68,English
https://leanpub.com/aprimeronsql,,1140,English,https://leanpub.com/u/rbatra
https://leanpub.com/laravel,,,English 日本語 français Português (Brasileiro) Turkish,https://leanpub.com/u/taylorotwell
https://leanpub.com/dpride,,,English,https://leanpub.com/u/jillsanders
https://leanpub.com/intellectualcuriosity,,,English,https://leanpub.com/u/ajjuliani
https://leanpub.com/integrationtest,,,English,https://leanpub.com/u/nicolasfrankel
https://leanpub.com/oproveitodaduvida,,,Idioma do Livro: Português,https://leanpub.com/u/ricardoacastro
https://leanpub.com/whatsnewinjava8,,114,English,https://leanpub.com/u/adamldavis
https://leanpub.com/pasenino,,,Galician,https://leanpub.com/u/davidpollard
https://leanpub.com/orgintelligence,,85,English,https://leanpub.com/u/richardveryard
https://leanpub.com/zendframework2,,1209,Sprache: Deutsch English,https://leanpub.com/u/michaelromer
https://leanpub.com/emberjs_applications,,193,English,https://leanpub.com/u/ryakh
https://leanpub.com/ametaem30paginas,,,Idioma do Livro: Português,https://leanpub.com/u/joel-henry,https://leanpub.com/u/luisc
https://leanpub.com/ImpedimentsBook,,23,English,https://leanpub.com/u/tperry
https://leanpub.com/flicking,,,English,https://leanpub.com/u/lukasoberhuber
https://leanpub.com/mikistli_death-mexepic_vol1,,,English(American),https://leanpub.com/u/davidmartinez
https://leanpub.com/wakingupwell,,24,English,https://leanpub.com/u/jwmberkowitz
https://leanpub.com/howdoiusesourcegraphwithruby,,140,English,https://leanpub.com/u/satishtalim
https://leanpub.com/readevalprintlove001,,104,English,https://leanpub.com/u/fogus
https://leanpub.com/getting-to-iit-delhi,,522,English,https://leanpub.com/u/jpmahesh
https://leanpub.com/androidtutorial,,3,English,https://leanpub.com/u/kaviraj
https://leanpub.com/bouldercoloradocsaguide,,7,English,https://leanpub.com/u/coloradocsas
https://leanpub.com/findingpride,,,English,https://leanpub.com/u/jillsanders
https://leanpub.com/aprimeronjava,,1002,English,https://leanpub.com/u/rbatra
https://leanpub.com/structuring-backbone-with-requirejs-and-marionette,,984,English,https://leanpub.com/u/davidsulc
https://leanpub.com/clickeragilebook,,31,English,https://leanpub.com/u/bjorntikkanen
https://leanpub.com/Vietnam2014,,,English,https://leanpub.com/u/woodegg
https://leanpub.com/smtb,,74,English,https://leanpub.com/u/tottinge
https://leanpub.com/nightowls,,1882,English,https://leanpub.com/u/swizec
https://leanpub.com/fromthehillside,,,English,https://leanpub.com/u/stephenmoore
https://leanpub.com/poweroftwitterchats,,,English,https://leanpub.com/u/cindyfsolomon
https://leanpub.com/procurementintroduction,,88,English,https://leanpub.com/u/jorgelynch
https://leanpub.com/optimizingtheflow,,89,English,https://leanpub.com/u/paulocaroli
https://leanpub.com/hackteur,,32,Langue du livre : français,https://leanpub.com/u/alexis8nicolas
https://leanpub.com/Indonesia2014,,,English,https://leanpub.com/u/woodegg
https://leanpub.com/tco-apple-tv,,,English,https://leanpub.com/u/joshcenters
https://leanpub.com/painless_vim,,214,English,https://leanpub.com/u/natedickson
https://leanpub.com/4rulesofsimpledesign,,1208,English,https://leanpub.com/u/coreyhaines
https://leanpub.com/tb-services,,45,English,https://leanpub.com/u/tetradian
https://leanpub.com/runway,,101,English,https://leanpub.com/u/tomhoward
https://leanpub.com/modelingandsimulationwithbizagiprocessmodelerversion25,,,English,https://leanpub.com/u/theinstitute
https://leanpub.com/safariwnamibii,,,Polish,https://leanpub.com/u/kwisniewski
https://leanpub.com/archetypes_state_of_play,,28,English,https://leanpub.com/u/devonsteiger
https://leanpub.com/nwotdbook,,144,English,https://leanpub.com/u/bcshorty
https://leanpub.com/goldgunsandgod,,,English,https://leanpub.com/u/juanmagg,https://leanpub.com/u/g3edge
https://leanpub.com/QuiztigMetBier,,,Taal van het boek: Nederlands,https://leanpub.com/u/peterdoomen
https://leanpub.com/KeepingSoftwareSoft,,54,English,https://leanpub.com/u/jasonroberts
https://leanpub.com/white-box-networking-in-2014,,43,English,https://leanpub.com/u/EtherealMind
https://leanpub.com/sko,,2,Dil: Turkish,https://leanpub.com/u/engineryildiz
https://leanpub.com/Korea2014,,,English,https://leanpub.com/u/woodegg
https://leanpub.com/booboothebluechicken,,,English,https://leanpub.com/u/amosavery
https://leanpub.com/scrumtips,,247,Språk: Swedish,https://leanpub.com/u/tobiasfors
https://leanpub.com/summer-mvc,,17,English,https://leanpub.com/u/rutishauser
https://leanpub.com/groovy-goodness-notebook,,,English,https://leanpub.com/u/mrhaki
https://leanpub.com/thekey-book1,,26,English,https://leanpub.com/u/amyalexandra
https://leanpub.com/christlike,,2,English,https://leanpub.com/u/otmedia
https://leanpub.com/agilereader,,7,English,https://leanpub.com/u/anonymous2BypmyCJHE3v-RIRGcRrgT
https://leanpub.com/hiringgeeks,,448,English,https://leanpub.com/u/johannarothman
https://leanpub.com/theinbetween,,,English,https://leanpub.com/u/costallee
https://leanpub.com/hunger-games-summary,,,English,https://leanpub.com/u/brevebooks
https://leanpub.com/deploying_rails_applications,,697,English Chinese,https://leanpub.com/u/talkingquickly
https://leanpub.com/node-principiante,,,El idioma del libro: Español,https://leanpub.com/u/obie,https://leanpub.com/u/manuelkiessling,https://leanpub.com/u/debbieandpablobontti
https://leanpub.com/LandoCruz,,13,English,https://leanpub.com/u/GeorgeDonnelly
https://leanpub.com/impossible,,,English,https://leanpub.com/u/rosbarber
https://leanpub.com/venturehacks,,1288,English,https://leanpub.com/u/nivi,https://leanpub.com/u/naval
https://leanpub.com/tabletinterpreter,,4,English,https://leanpub.com/u/adrechsel
https://leanpub.com/indoctrinator,,,English,https://leanpub.com/u/concepthacker
https://leanpub.com/tp-ecanvas,,36,English,https://leanpub.com/u/tetradian
https://leanpub.com/hpmor,,568,English,https://leanpub.com/u/eliezeryudkowsky,https://leanpub.com/u/stavros
https://leanpub.com/hippo4xmas,,4,Taal van het boek: Nederlands,https://leanpub.com/u/blowagie
https://leanpub.com/Singapore2014,,,English,https://leanpub.com/u/woodegg
https://leanpub.com/NaughtyNotions1,,,English,https://leanpub.com/u/naughtiescribe
https://leanpub.com/astralforce-1,,3,English,https://leanpub.com/u/anonymous2hLLJRPSv8igY9HWuG_NYz
https://leanpub.com/savedbyabug,,2,English,https://leanpub.com/u/paulbranski
https://leanpub.com/emergent,,45,English,https://leanpub.com/u/cesarioramos
https://leanpub.com/cocinanatural,,,El idioma del libro: Español,https://leanpub.com/u/juanmanuelferrera
https://leanpub.com/bloodanddust,,25,English(American English),https://leanpub.com/u/kemacleod
https://leanpub.com/nodecraftsman,,1561,English,https://leanpub.com/u/manuelkiessling
https://leanpub.com/theperpetualpapersofthepackofpets,,,English,https://leanpub.com/u/stanleyandkatrina
https://leanpub.com/solivagantsouls,,2,English,https://leanpub.com/u/evasabolcik
https://leanpub.com/LeanHomeschoolingYear,,,English,https://leanpub.com/u/cberkstresser
https://leanpub.com/sangueimmortale,,7,Lingua del libro: italiana,https://leanpub.com/u/manuelavalente
https://leanpub.com/roseonfire,,56,English,https://leanpub.com/u/ellanathornton-wheybrew
https://leanpub.com/thepatternmaker,,,English,https://leanpub.com/u/nicholasrobertlim
https://leanpub.com/ResponsibleDesignAndroid-Part1,,326,English,https://leanpub.com/u/jbrains
https://leanpub.com/jsf,,45,English,https://leanpub.com/u/muellermi
https://leanpub.com/coding-bootcamps,,107,English,https://leanpub.com/u/davidkim
https://leanpub.com/javascript-spessore,,239,English,https://leanpub.com/u/raganwald
https://leanpub.com/html5basic,,,Indonesian,https://leanpub.com/u/nurulimam
https://leanpub.com/craftingshakespeare,,31,English,https://leanpub.com/u/jillkswanson
https://leanpub.com/cstips,,811,English,https://leanpub.com/u/jasonroberts
https://leanpub.com/agileplanet,,221,English,https://leanpub.com/u/anonymous3AhjzDyvf5uAjSAXaF6H5Z
https://leanpub.com/managementmatters,,107,English,https://leanpub.com/u/johnhunter
https://leanpub.com/everydayrailsrspec-cn,,298,Chinese,https://leanpub.com/u/aaronsumner,https://leanpub.com/u/andor_chen
https://leanpub.com/lispwebtales,,424,English,https://leanpub.com/u/pvlpenev
https://leanpub.com/pro-git,,,Idioma do Livro: Português,https://leanpub.com/u/ericdouglas
https://leanpub.com/learn-how-products-get-started,,,English,https://leanpub.com/u/johnmcdowall
https://leanpub.com/rigid-heddle,,8,English,https://leanpub.com/u/matthewwilliams
https://leanpub.com/laravel4cookbook-pt-br,,,Idioma do Livro: Português(Brasileiro),https://leanpub.com/u/assertchris,https://leanpub.com/u/taylorotwell,https://leanpub.com/u/pedroborg_es
https://leanpub.com/afafpov,,,English,https://leanpub.com/u/autismfather
https://leanpub.com/Abandonmentparty,,23,English,https://leanpub.com/u/bradsmith
https://leanpub.com/noveltywaves,,,English,https://leanpub.com/u/zenbullets
https://leanpub.com/angularjs-zendframework2,,31,English,https://leanpub.com/u/michaelromer
https://leanpub.com/enigmatic-love,,2,English
https://leanpub.com/watir_recipes,,,English,https://leanpub.com/u/zhiminzhan
https://leanpub.com/painless_tmux,,75,English,https://leanpub.com/u/natedickson
https://leanpub.com/writingonthegowithscrivener,,6,English,https://leanpub.com/u/philipespinosa
https://leanpub.com/singularities-short,,18,English,https://leanpub.com/u/jgribeiro
https://leanpub.com/thathoosierscap,,,English,https://leanpub.com/u/daveking
https://leanpub.com/everwhere,,,English,https://leanpub.com/u/rebeccalee
https://leanpub.com/Nightfall,,5,"English(English. Characters have varying dialects, Latin, Gaelic, Japanese and Chinese words are employed for color.)",https://leanpub.com/u/maximillianderembourg
https://leanpub.com/jes,,,English,https://leanpub.com/u/nonfixe
https://leanpub.com/cpp11-rocks-gcc-edition,,,English,https://leanpub.com/u/alexkorban
https://leanpub.com/prescelti,,8,Lingua del libro: italiana,https://leanpub.com/u/manuelavalente
https://leanpub.com/dashofromance,,5,English,https://leanpub.com/u/elleclouse
https://leanpub.com/go-thestdlib,,167,English,https://leanpub.com/u/darkhelmetlive
https://leanpub.com/theincrementalarchitectsnapkin,,7,English,https://leanpub.com/u/ralfw
https://leanpub.com/practical_web_test_automation,,,English,https://leanpub.com/u/zhiminzhan
https://leanpub.com/nonprofitbookofawesome2013,,17,English,https://leanpub.com/u/johnfulwider
https://leanpub.com/devoirslean,,40,Langue du livre : français,https://leanpub.com/u/houdahamdane
https://leanpub.com/TheLeadershipGame,,336,English,https://leanpub.com/u/YvesHanoulle,https://leanpub.com/u/meikemertsch,https://leanpub.com/u/ignacehanoulle
https://leanpub.com/combinators,,842,English,https://leanpub.com/u/raganwald
https://leanpub.com/atailafire,,,English,https://leanpub.com/u/blfoxxe_mkitsune
https://leanpub.com/gooddaystory,,5,Thai,https://leanpub.com/u/platoosom
https://leanpub.com/teliganbyterstrategi,,,Språk: Swedish,https://leanpub.com/u/martinliss
https://leanpub.com/ControversialLove,,40,English,https://leanpub.com/u/churchjohnson28
https://leanpub.com/seanellis,,1235,English,https://leanpub.com/u/seanellis
https://leanpub.com/thehipcontrolguide,,34,English,https://leanpub.com/u/neilkeleher
https://leanpub.com/ZinC,,,English,https://leanpub.com/u/cc
https://leanpub.com/scrapingforjournalists,,1020,English,https://leanpub.com/u/paulbradshaw
https://leanpub.com/WhoisagileSouthAfrica,,19,English,https://leanpub.com/u/YvesHanoulle,https://leanpub.com/u/samanthalaing,https://leanpub.com/u/karengreaves
https://leanpub.com/modernjava,,56,English,https://leanpub.com/u/adamldavis
https://leanpub.com/leana,,4,English,https://leanpub.com/u/caroline
https://leanpub.com/tp-scan,,19,English,https://leanpub.com/u/tetradian
https://leanpub.com/alpha-dog,,17,English,https://leanpub.com/u/melodaf
https://leanpub.com/citizenvideo,,,English,https://leanpub.com/u/anonymous3z9asYEU17Xew5YXSpOCyh
https://leanpub.com/rails-101,,3822,Chinese,https://leanpub.com/u/xdite
https://leanpub.com/d3angularjs,,851,English,https://leanpub.com/u/fullstack,https://leanpub.com/u/vicapow
https://leanpub.com/archesv2installationguide,,225,English,https://leanpub.com/u/arches
https://leanpub.com/nodejs-backbone-software,,347,Chinese,https://leanpub.com/u/jollen
https://leanpub.com/mistressofmolecules,,,English,https://leanpub.com/u/jerryweinberg
https://leanpub.com/predicting-security-threats-with-splunk,,3,English,https://leanpub.com/u/alessandro-parisi
https://leanpub.com/conhecendo-ruby,,984,Idioma do Livro: Português,https://leanpub.com/u/taq
https://leanpub.com/opengate,,,English,https://leanpub.com/u/bdillahu
https://leanpub.com/quickguidefirefoxosdevelopment,,5792,English,https://leanpub.com/u/andregarzia
https://leanpub.com/D3-Tips-and-Tricks,,12026,English,https://leanpub.com/u/d3noob
https://leanpub.com/sistagirlz-book-3-neva-saw-it-comin,,,English,https://leanpub.com/u/leamishell
https://leanpub.com/yogaschmoga,,30,English,https://leanpub.com/u/michellemargaret
https://leanpub.com/nietzschesfootfalls,,,English,https://leanpub.com/u/davidpollard
https://leanpub.com/picturestalk,,15,English,https://leanpub.com/u/churchjohnson28
https://leanpub.com/gettingstuffdonelaravel,,,English Turkish 日本語,https://leanpub.com/u/chuckheintzelman
https://leanpub.com/testmobileapps,,,English,https://leanpub.com/u/jonathankohl
https://leanpub.com/xamarin-android-app-dev,,109,English,https://leanpub.com/u/dpatra
https://leanpub.com/sistagirlz-book-2-illusions,,,English,https://leanpub.com/u/leamishell,https://leanpub.com/u/mrsreed
https://leanpub.com/build-apis-you-wont-hate,,1308,English Português (Brasileiro) Turkish italiana français,https://leanpub.com/u/philsturgeon
https://leanpub.com/TheBestLaidPlans,,13,English,https://leanpub.com/u/fallyntalyn
https://leanpub.com/spanish-night,,5,English,https://leanpub.com/u/rosapjli
https://leanpub.com/cakephpunittesting,,44,English,https://leanpub.com/u/rrd
https://leanpub.com/grumpy-testing,,1278,English,https://leanpub.com/u/chartjes
https://leanpub.com/itsyourmove,,16,English,https://leanpub.com/u/robertdbrowniii
https://leanpub.com/academic-research,,25,English,https://leanpub.com/u/joanne
https://leanpub.com/teamleader,,1458,English,https://leanpub.com/u/royosherove
https://leanpub.com/roseinice,,7,English,https://leanpub.com/u/ellanathornton-wheybrew
https://leanpub.com/talesofthesoul,,13,English,https://leanpub.com/u/cadimartin
https://leanpub.com/AHoleInTheUniverse,,,English,https://leanpub.com/u/jonathangrant
https://leanpub.com/dirk-finley-something-borrowed,,5,English,https://leanpub.com/u/mikebranski
https://leanpub.com/recurring-revenue-web-agencies,,,English,https://leanpub.com/u/luckyisgood
https://leanpub.com/homeownerhacks,,,English,https://leanpub.com/u/concepthacker
https://leanpub.com/thesecretsofconsulting,,19,English,https://leanpub.com/u/jerryweinberg
https://leanpub.com/rebuildingmootools,,6,English,https://leanpub.com/u/assertchris
https://leanpub.com/appsters,,,English,https://leanpub.com/u/bobbygill
https://leanpub.com/clearingawaythecrapinmycap,,,English,https://leanpub.com/u/marksentoshirusso
https://leanpub.com/thesupernaturalparadox,,,English,https://leanpub.com/u/thraeelddim
https://leanpub.com/talktomebook,,,English,https://leanpub.com/u/suejohnston
https://leanpub.com/clojure-for-the-brave-and-true,,192,English,https://leanpub.com/u/nonrecursive
https://leanpub.com/gruntcookbook,,18,English,https://leanpub.com/u/mattgoldspink
https://leanpub.com/AgileQuizzitch,,137,English,https://leanpub.com/u/peterdoomen,https://leanpub.com/u/svencipido
https://leanpub.com/spreadsheetstories,,60,English,https://leanpub.com/u/paulbradshaw
https://leanpub.com/focusonyoursuccess,,,English,https://leanpub.com/u/philipespinosa
https://leanpub.com/thesimpleleader,,20,English,https://leanpub.com/u/anonymous256Fo-irDBKQWETKhY2C-5
https://leanpub.com/samuraithebeginning,,5,English,https://leanpub.com/u/poppingtonic
https://leanpub.com/ToevalBestaatNiet,,,Taal van het boek: Nederlands,https://leanpub.com/u/amyvanvre
https://leanpub.com/21stcenturynewsroom,,1034,English,https://leanpub.com/u/paulbradshaw
https://leanpub.com/recetasharekrsnaantiguas,,,English,https://leanpub.com/u/juanmanuelferrera
https://leanpub.com/Humeurs_Economiques,,,Langue du livre : français,https://leanpub.com/u/didierlebouc3zNhP7WWr7PurZ_3XszIcS
https://leanpub.com/themarchmontfalcon,,,English,https://leanpub.com/u/kestrel
https://leanpub.com/activitycentereddesign,,,English,https://leanpub.com/u/stephanschwab
https://leanpub.com/WhoIsAgile,,484,English Deutsch,https://leanpub.com/u/mfloryan,https://leanpub.com/u/andreachiou,https://leanpub.com/u/anonymous2GAOijwmP5tvyPt8RnpDGe,https://leanpub.com/u/YvesHanoulle,https://leanpub.com/u/micaarie,https://leanpub.com/u/peterdoomen
https://leanpub.com/defmacro,,102,English,https://leanpub.com/u/josephwilk
https://leanpub.com/shapescript,,16,English,https://leanpub.com/u/thomaskilian
https://leanpub.com/migrating2nbp,,,English,https://leanpub.com/u/jasonwexbridge,https://leanpub.com/u/walternyland
https://leanpub.com/lappendifiabe,,,Lingua del libro: italiana,https://leanpub.com/u/silviacasini,https://leanpub.com/u/laragazzacongliocchiverdi
https://leanpub.com/nightingalethrone,,8,English,https://leanpub.com/u/lunivore
https://leanpub.com/meninism,,13,English,https://leanpub.com/u/josephstash
https://leanpub.com/mermaidocean,,2,English,https://leanpub.com/u/daphodil0200
https://leanpub.com/phpusuluneuygun,,241,Dil: Turkish,https://leanpub.com/u/sineld
https://leanpub.com/memoirs-of-a-software-team-leader,,87,English,https://leanpub.com/u/lukaszwrobel
https://leanpub.com/battingat10,,21,English,https://leanpub.com/u/chickdubber
https://leanpub.com/angliai-utikalauz-itsoknak,,11,A könyv nyelve: magyar,https://leanpub.com/u/meza
https://leanpub.com/poeticlicense,,4,English,https://leanpub.com/u/crisses
https://leanpub.com/night,,374,English,https://leanpub.com/u/heraldleader
https://leanpub.com/ruphptherightway,,1368,Язык книги Русский язык,https://leanpub.com/u/getjump
https://leanpub.com/Sally_Strange_Grade_7,,,English,https://leanpub.com/u/nicorowinsky
https://leanpub.com/dnssecmastery,,91,English,https://leanpub.com/u/michaelwlucas
https://leanpub.com/memorytraining,,,English,https://leanpub.com/u/jaapmurre
https://leanpub.com/agile-expression-de-besoins,,152,Langue du livre : français,https://leanpub.com/u/thierrycros
https://leanpub.com/ScriptingEA,,,English,https://leanpub.com/u/thomaskilian
https://leanpub.com/solr-vs-elasticsearch,,13,English,https://leanpub.com/u/arafalov
https://leanpub.com/theengineer,,116,English,https://leanpub.com/u/eriknordeus
https://leanpub.com/manual,,721,English,https://leanpub.com/u/lenepp,https://leanpub.com/u/scott,https://leanpub.com/u/peter,https://leanpub.com/u/steveluscher
https://leanpub.com/learnjs-01,,81,English,https://leanpub.com/u/sethvincent
https://leanpub.com/InsideEA,,,English,https://leanpub.com/u/thomaskilian
https://leanpub.com/vagrantcookbook,,506,English Português,https://leanpub.com/u/erikaheidi
https://leanpub.com/mlaphp,,407,English,https://leanpub.com/u/pmjones
https://leanpub.com/wrinklefree-jquery-and-html5,,,English,https://leanpub.com/u/matthiasak
https://leanpub.com/nbp4beginners,,,English,https://leanpub.com/u/jasonwexbridge,https://leanpub.com/u/walternyland
https://leanpub.com/a-year-with-symfony,,926,English Español,https://leanpub.com/u/matthiasnoback
https://leanpub.com/fortcollinscoloradocsaguide,,3,English,https://leanpub.com/u/coloradocsas
https://leanpub.com/traveldiary,,11,English,https://leanpub.com/u/billymoon
https://leanpub.com/hideawayreflectionofalie,,,English,https://leanpub.com/u/sylusrademacher
https://leanpub.com/securingphp-coreconcepts,,181,English,https://leanpub.com/u/ccornutt
https://leanpub.com/codebright-tr,,56,Dil: Turkish,https://leanpub.com/u/daylerees,https://leanpub.com/u/sineld,https://leanpub.com/u/alaguna
https://leanpub.com/ttulodolivro1,,,English,https://leanpub.com/u/rmfavaretto
https://leanpub.com/eudatenschutz,,6,Sprache: Deutsch,https://leanpub.com/u/tante
https://leanpub.com/hibernate4-example-programs,,1613,English,https://leanpub.com/u/mohanarun
https://leanpub.com/pursuit,,3,English,https://leanpub.com/u/jimmurdoch
https://leanpub.com/emberonrails,,5,English,https://leanpub.com/u/owenerickson0PxpuXdnPChOIPS7XoBAbE
https://leanpub.com/SellingTestDrivenProjects,,,English,https://leanpub.com/u/judithandresen
https://leanpub.com/hipaaauditprogramprotocol,,,English,https://leanpub.com/u/deekayen
https://leanpub.com/startupflow,,169,English,https://leanpub.com/u/stanislasmarion,https://leanpub.com/u/charlesmiglietti,https://leanpub.com/u/louischatriot
https://leanpub.com/yourleadershipedge,,,English,https://leanpub.com/u/ravindertulsiani
https://leanpub.com/jsfun,,4094,English,https://leanpub.com/u/azat
https://leanpub.com/FollowtheLeader,,13,English
https://leanpub.com/programmerenvoorkinderen,,,Taal van het boek: Nederlands,https://leanpub.com/u/peter,https://leanpub.com/u/YvesHanoulle
https://leanpub.com/shattered,,,English,https://leanpub.com/u/clemmons-rockyproductions
https://leanpub.com/alwaysaduck,,145,English,https://leanpub.com/u/testobsessed
https://leanpub.com/criticamuzicala,,18,Limba cărții: român,https://leanpub.com/u/attilavago85
https://leanpub.com/dubber-de,,55,Sprache: Deutsch,https://leanpub.com/u/dubber
https://leanpub.com/bolsachica,,,English,https://leanpub.com/u/derrikbulmer3Lmv1jV4T3TvEuHYGSacGr
https://leanpub.com/MasteringBacklogs,,71,English,https://leanpub.com/u/samanthalaing,https://leanpub.com/u/karengreaves
https://leanpub.com/beyondkony2012,,1359,English,https://leanpub.com/u/amandataub
https://leanpub.com/sistagirlz-trivia,,,English,https://leanpub.com/u/leamishell,https://leanpub.com/u/mrsreed
https://leanpub.com/tco-pages,,983,English,https://leanpub.com/u/mcohen
https://leanpub.com/codehappy,,3103,English Español 日本語 italiana,https://leanpub.com/u/daylerees
https://leanpub.com/conhecendo-rails,,25,Idioma do Livro: Português,https://leanpub.com/u/taq
https://leanpub.com/dowhatyoulove,,8315,English,https://leanpub.com/u/raganwald
https://leanpub.com/EA-in-10-days,,302,English,https://leanpub.com/u/peterdoomen
https://leanpub.com/what-the-board,,92,English,https://leanpub.com/u/whattheflop
https://leanpub.com/aburningsecret,,,English,https://leanpub.com/u/beverlymontgomery
https://leanpub.com/fatshoulders,,21,English,https://leanpub.com/u/neilkeleher
https://leanpub.com/alexandhappy,,6,English,https://leanpub.com/u/jmoy
https://leanpub.com/agilerequirements,,72,English,https://leanpub.com/u/samanthalaing,https://leanpub.com/u/karengreaves
https://leanpub.com/napastokolisanja,,,Jezik knjige: Croatian,https://leanpub.com/u/davorbanovic
https://leanpub.com/gyrovagues,,24,English,https://leanpub.com/u/jaapkemp
https://leanpub.com/startuplessonslearned,,706,English,https://leanpub.com/u/ericries
https://leanpub.com/LectureNotesIntelligentAgentsSpring2013,,2,English,https://leanpub.com/u/federicogobbo
https://leanpub.com/troubleshoot-linux-server-and-networks,,,Sprache: Deutsch,https://leanpub.com/u/mamawe
https://leanpub.com/TheSkoolofLife,,491,English,https://leanpub.com/u/srinivasrao
https://leanpub.com/jeelabs,,759,English,https://leanpub.com/u/jcw
https://leanpub.com/lordofthedeer,,20,English(Deep),https://leanpub.com/u/sirildoreyes
https://leanpub.com/primalpassions,,70,English,https://leanpub.com/u/lynnalexandriamckendrick
https://leanpub.com/wordpressthemefromscratch,,,English,https://leanpub.com/u/jerickson
https://leanpub.com/laravel4-tr,,705,Dil: Turkish,https://leanpub.com/u/sineld
https://leanpub.com/principles-of-php-package-design,,155,English,https://leanpub.com/u/matthiasnoback
https://leanpub.com/phpprojectguide,,1268,English,https://leanpub.com/u/alexgarrett
https://leanpub.com/dubber,,2779,English Português Deutsch Estonian Español Greek,https://leanpub.com/u/dubber
https://leanpub.com/angularjs-cookbook,,65,English,https://leanpub.com/u/saschabrink
https://leanpub.com/eloquentjavascript,,437,English,https://leanpub.com/u/ericdouglas
https://leanpub.com/xmppopenfire,,5,Thai,https://leanpub.com/u/platoosom
https://leanpub.com/MoneyWealth,,18,English,https://leanpub.com/u/andrecronje
https://leanpub.com/iosfrp,,993,English,https://leanpub.com/u/theashfurrow
https://leanpub.com/apostolicbaptism,,6,English,https://leanpub.com/u/simonpeter
https://leanpub.com/pride-and-paradev,,,English,https://leanpub.com/u/alisterscott
https://leanpub.com/splitdecision,,5,English,https://leanpub.com/u/crisses
https://leanpub.com/autismfather,,41,English,https://leanpub.com/u/autismfather
https://leanpub.com/Practical_Git,,314,English,https://leanpub.com/u/diniscruz
https://leanpub.com/l4-offline-doc,,1713,English,https://leanpub.com/u/mnishihan
https://leanpub.com/huddam,,9,Dil: Turkish,https://leanpub.com/u/celaldengiz
https://leanpub.com/o3addiction,,,English,https://leanpub.com/u/juanmagg,https://leanpub.com/u/rodcaceres
https://leanpub.com/bizanalysiswithr,,45,English,https://leanpub.com/u/robertdbrowniii
https://leanpub.com/buildingsecurephpapps,,310,English Español,https://leanpub.com/u/benedmunds
https://leanpub.com/pubpath,,8,English,https://leanpub.com/u/anonymous27jH-VXtj2bhHFsVGej5re
https://leanpub.com/iword-food-additives-introduction,,2,Chinese,https://leanpub.com/u/iword
https://leanpub.com/thrive,,,English,https://leanpub.com/u/agileinsider
https://leanpub.com/bastards-regexes,,2684,English,https://leanpub.com/u/dnguyen
https://leanpub.com/prabhupadanow,,,English,https://leanpub.com/u/brajismadas,https://leanpub.com/u/draupadidasi
https://leanpub.com/zenia,,10,English,https://leanpub.com/u/zeniaofshaula
https://leanpub.com/appengine,,80,Idioma do Livro: Português,https://leanpub.com/u/renzo
https://leanpub.com/the-retrospective-handbook,,1194,English,https://leanpub.com/u/thekua
https://leanpub.com/silversongchild,,75,English,https://leanpub.com/u/lunivore
https://leanpub.com/shades-of-emotion,,,English,https://leanpub.com/u/rosapjli
https://leanpub.com/affarsplanftw,,,Språk: Swedish,https://leanpub.com/u/jesperforslund
https://leanpub.com/nobudgetbudget,,,English,https://leanpub.com/u/concepthacker
https://leanpub.com/Imperia,,68,Langue du livre : français,https://leanpub.com/u/yovanmenkevick
https://leanpub.com/phoenixreborn,,,English,https://leanpub.com/u/mickey98
https://leanpub.com/ansible-for-devops,,502,English,https://leanpub.com/u/geerlingguy
https://leanpub.com/javascript-allonge,,2269,English,https://leanpub.com/u/raganwald
https://leanpub.com/Making_Economic_Sense_Chinese_Version,,,Chinese,https://leanpub.com/u/raviwu
https://leanpub.com/the-dawning-of-twilight,,2,English,https://leanpub.com/u/rosapjli
https://leanpub.com/itspaybacktime,,12,English,https://leanpub.com/u/thesavvygrad
https://leanpub.com/triggerpoint,,4,English,https://leanpub.com/u/ryankurr
